SKU,Images,NUANCE,PRODOTTO_SITO,EAN
FAN1076082,https://overcomsrl.com/wp-content/uploads/2026/07/FAN1076082.webp,,No Yellow color violet peroxyde 5 vol NO YELLOW,8008277760827
FAN1076083,https://overcomsrl.com/wp-content/uploads/2026/07/FAN1076083.webp,,No Yellow color violet peroxyde 25 vol NO YELLOW,8008277760834
FAN1076131,https://overcomsrl.com/wp-content/uploads/2026/07/FAN1076131.webp,1.0,Color Zoom - Naturali COLORZOOM,8008277761312
FAN1076132,https://overcomsrl.com/wp-content/uploads/2026/07/FAN1076132.webp,3.0,Color Zoom - Naturali COLORZOOM,8008277761329
FAN1076133,https://overcomsrl.com/wp-content/uploads/2026/07/FAN1076133.webp,4.0,Color Zoom - Naturali COLORZOOM,8008277761336
FAN1076134,https://overcomsrl.com/wp-content/uploads/2026/07/FAN1076134.webp,5.0,Color Zoom - Naturali COLORZOOM,8008277761343
FAN1076135,https://overcomsrl.com/wp-content/uploads/2026/07/FAN1076135.webp,6.0,Color Zoom - Naturali COLORZOOM,8008277761350
FAN1076136,https://overcomsrl.com/wp-content/uploads/2026/07/FAN1076136.webp,7.0,Color Zoom - Naturali COLORZOOM,8008277761367
FAN1076137,https://overcomsrl.com/wp-content/uploads/2026/07/FAN1076137.webp,8.0,Color Zoom - Naturali COLORZOOM,8008277761374
FAN1076138,https://overcomsrl.com/wp-content/uploads/2026/07/FAN1076138.webp,9.0,Color Zoom - Naturali COLORZOOM,8008277761381
FAN1076139,https://overcomsrl.com/wp-content/uploads/2026/07/FAN1076139.webp,10.0,Color Zoom - Naturali COLORZOOM,8008277761398
FAN1076140,https://overcomsrl.com/wp-content/uploads/2026/07/FAN1076140.webp,6.01,Color Zoom - Naturali cenere COLORZOOM,8008277761404
FAN1076141,https://overcomsrl.com/wp-content/uploads/2026/07/FAN1076141.webp,8.01,Color Zoom - Naturali cenere COLORZOOM,8008277761411
FAN1076142,https://overcomsrl.com/wp-content/uploads/2026/07/FAN1076142.webp,4.71,Color Zoom - Marroni freddi COLORZOOM,8008277761428
FAN1076143,https://overcomsrl.com/wp-content/uploads/2026/07/FAN1076143.webp,6.71,Color Zoom - Marroni freddi COLORZOOM,8008277761435
FAN1076144,https://overcomsrl.com/wp-content/uploads/2026/07/FAN1076144.webp,6.3,Color Zoom - Dorati COLORZOOM,8008277761442
FAN1076145,https://overcomsrl.com/wp-content/uploads/2026/07/FAN1076145.webp,8.3,Color Zoom - Dorati COLORZOOM,8008277761459
FAN1076146,https://overcomsrl.com/wp-content/uploads/2026/07/FAN1076146.webp,5.4,Color Zoom - Rame COLORZOOM,8008277761466
FAN1076147,https://overcomsrl.com/wp-content/uploads/2026/07/FAN1076147.webp,7.4,Color Zoom - Rame COLORZOOM,8008277761473
FAN1076148,https://overcomsrl.com/wp-content/uploads/2026/07/FAN1076148.webp,4.5,Color Zoom - Mogano COLORZOOM,8008277761480
FAN1076149,https://overcomsrl.com/wp-content/uploads/2026/07/FAN1076149.webp,5.2,Color Zoom - Viola COLORZOOM,8008277761497
FAN1076150,https://overcomsrl.com/wp-content/uploads/2026/07/FAN1076150.webp,6.6,Color Zoom - Rossi COLORZOOM,8008277761503
FAN1076151,https://overcomsrl.com/wp-content/uploads/2026/07/FAN1076151.webp,5.7,Color Zoom - Marroni COLORZOOM,8008277761510
FAN1076152,https://overcomsrl.com/wp-content/uploads/2026/07/FAN1076152.webp,7.7,Color Zoom - Marroni COLORZOOM,8008277761527
FAN1076153,https://overcomsrl.com/wp-content/uploads/2026/07/FAN1076153.webp,clear,Color Zoom - Clear COLORZOOM,8008277761534
FAN1076229,https://overcomsrl.com/wp-content/uploads/2026/07/FAN1076229.webp,5.11,Color Zoom - Cenere intensi COLORZOOM,8008277762296
FAN1076230,https://overcomsrl.com/wp-content/uploads/2026/07/FAN1076230.webp,7.11,Color Zoom - Cenere intensi COLORZOOM,8008277762302
FAN1076231,https://overcomsrl.com/wp-content/uploads/2026/07/FAN1076231.webp,9.11,Color Zoom - Cenere intensi COLORZOOM,8008277762319
FAN1076232,https://overcomsrl.com/wp-content/uploads/2026/07/FAN1076232.webp,10.01,Color Zoom - Naturali cenere COLORZOOM,8008277762326
FAN1076233,https://overcomsrl.com/wp-content/uploads/2026/07/FAN1076233.webp,10.3,Color Zoom - Dorati COLORZOOM,8008277762333
FAN1076234,https://overcomsrl.com/wp-content/uploads/2026/07/FAN1076234.webp,7.66,Color Zoom - Rossi intensi COLORZOOM,8008277762340
FAN1086082,https://overcomsrl.com/wp-content/uploads/2026/07/FAN1086082.webp,11.7,Color Zoom - Marroni COLORZOOM,8032947860821
FAN1086326,https://overcomsrl.com/wp-content/uploads/2026/07/FAN1086326.webp,12.7,Color Zoom - Marroni COLORZOOM,8032947863266
