SKU,FILE_WEBP,URL_PACKSHOT_UFFICIALE,URL_CIOCCA_NUANCE,TIPO_IMMAGINE,STATO,NOTE
FAN1076617,FAN1076617.webp,https://agf88holding-cdn.thron.com/static/UUU33W_VARIANT_1076617_000__8008277766171_00-1920x1920_98W5Z7_O8U34P.png,,packshot variante,sicuro,"variante 1076617, EAN 8008277766171, pagina: Wonder Volume shampoo WONDER VOLUME"
FAN1076459,FAN1076459.webp,https://agf88holding-cdn.thron.com/static/PVLYUJ_VARIANT_1076459_000__8008277764597_00-1920x1920_NSTV18_Z3FJ2N.png,,packshot variante,sicuro,"variante 1076459, EAN 8008277764597, pagina: Fantouch curl passion FANTOUCH"
FAN1096813,FAN1096813.webp,https://agf88holding-cdn.thron.com/static/RE5O7F_VARIANT_1096813_001__8032947868131_00-1920x1920_D14B14_1ZGE4O.png,https://agf88holding-cdn.thron.com/static/IU4SDJ_VARIANT_1096813_001__8032947868131_03-1920x1920_H6814Q_FAA8N4.jpeg,composita: astuccio + ciocca nuance ufficiale,sicuro,"variante 1096813, EAN 8032947868131, pagina: Color Keratin - Viola cenere COLOR KERATIN, nuance 10.21"
FAN83710,FAN83710.webp,https://agf88holding-cdn.thron.com/static/5NVOVY_VARIANT_1086710_002__8032947867103_00-1920x1920_4S6EFI_JKF61P.png,https://agf88holding-cdn.thron.com/static/0NF6IX_VARIANT_1086710_002__8032947867103_03-1920x1920_DXUX5X_O5BPEN.jpeg,composita: astuccio + ciocca nuance ufficiale,sicuro,"variante 1086710, EAN 8032947867103, pagina: Fanola Color - Naturali intensi FANOLA COLOR, nuance 9.00"
FAN86001,FAN86001.webp,https://agf88holding-cdn.thron.com/static/OHN6HU_MASTER_9500272__8032947860012_00-1920x1920_8IA3KW_3L8O2P.png,https://agf88holding-cdn.thron.com/static/CPLOQP_VARIANT_1086001_001__8032947860012_03-1920x1920_DXUB5S_LA2JJ3.jpeg,composita: astuccio + ciocca nuance ufficiale (astuccio di linea),sicuro,"variante 1086001, EAN 8032947860012, pagina: Fanola Color - Naturali FANOLA COLOR, nuance 1.0"
FAN86002,FAN86002.webp,https://agf88holding-cdn.thron.com/static/ARM4UZ_VARIANT_1086002_001__8032947860029_00-1920x1920_83216V_R5GEJ2.png,https://agf88holding-cdn.thron.com/static/HPQRAK_VARIANT_1086002_001__8032947860029_03-1920x1920_YB7WJX_069J33.jpeg,composita: astuccio + ciocca nuance ufficiale,sicuro,"variante 1086002, EAN 8032947860029, pagina: Fanola Color - Naturali FANOLA COLOR, nuance 3.0"
FAN86003,FAN86003.webp,https://agf88holding-cdn.thron.com/static/EW8ZRP_VARIANT_1086003_001__8032947860036_00-1920x1920_E243ZS_CRP61J.png,https://agf88holding-cdn.thron.com/static/BCER00_VARIANT_1086003_001__8032947860036_03-1920x1920_C0S5CA_I4AYTD.jpeg,composita: astuccio + ciocca nuance ufficiale,sicuro,"variante 1086003, EAN 8032947860036, pagina: Fanola Color - Naturali FANOLA COLOR, nuance 4.0"
FAN86004,FAN86004.webp,https://agf88holding-cdn.thron.com/static/CRBW5O_VARIANT_1086004_001__8032947860043_00-1920x1920_UY2IV4_CXCH05.png,https://agf88holding-cdn.thron.com/static/IRWAWI_VARIANT_1086004_001__8032947860043_03-1920x1920_BT80F5_00DWVK.jpeg,composita: astuccio + ciocca nuance ufficiale,sicuro,"variante 1086004, EAN 8032947860043, pagina: Fanola Color - Naturali FANOLA COLOR, nuance 5.0"
FAN86009,FAN86009.webp,https://agf88holding-cdn.thron.com/static/LCUT24_MASTER_9500274__8032947860098_00-1920x1920_T7IELL_YG2IPM.png,https://agf88holding-cdn.thron.com/static/SFQIMZ_VARIANT_1086009_001__8032947860098_03-1920x1920_3AH23N_H2A3DI.jpeg,composita: astuccio + ciocca nuance ufficiale (astuccio di linea),sicuro,"variante 1086009, EAN 8032947860098, pagina: Fanola Color - Naturali caldi FANOLA COLOR, nuance 4.03"
FAN86010,FAN86010.webp,https://agf88holding-cdn.thron.com/static/CWJNC7_VARIANT_1086010_001__8032947860104_00-1920x1920_7PNJ05_QDZ6O8.png,https://agf88holding-cdn.thron.com/static/HEULV5_VARIANT_1086010_001__8032947860104_03-1920x1920_6TZ569_7G8RTI.jpeg,composita: astuccio + ciocca nuance ufficiale,sicuro,"variante 1086010, EAN 8032947860104, pagina: Fanola Color - Naturali caldi FANOLA COLOR, nuance 5.03"
FAN86014,FAN86014.webp,https://agf88holding-cdn.thron.com/static/ZSUVPS_VARIANT_1086014_001__8032947860142_00-1920x1920_W02XI5_4MR59V.png,https://agf88holding-cdn.thron.com/static/9EIZPH_VARIANT_1086014_001__8032947860142_03-1920x1920_0XEX8A_UEBZ2V.jpeg,composita: astuccio + ciocca nuance ufficiale,sicuro,"variante 1086014, EAN 8032947860142, pagina: Fanola Color - Naturali caldi FANOLA COLOR, nuance 9.03"
FAN86018,FAN86018.webp,https://agf88holding-cdn.thron.com/static/KV3WCY_MASTER_9500275__8032947860180_00-1920x1920_ZA7UX0_B3WUWL.png,https://agf88holding-cdn.thron.com/static/T4V7NU_VARIANT_1086018_001__8032947860180_03-1920x1920_VP3KCV_HZ9WQD.jpeg,composita: astuccio + ciocca nuance ufficiale (astuccio di linea),sicuro,"variante 1086018, EAN 8032947860180, pagina: Fanola Color - Cenere FANOLA COLOR, nuance 1.10"
FAN86027,FAN86027.webp,https://agf88holding-cdn.thron.com/static/MCC08K_MASTER_9500281__8032947860272_00-1920x1920_MJP6UQ_TTP37T.png,https://agf88holding-cdn.thron.com/static/4PRROJ_VARIANT_1086027_001__8032947860272_03-1920x1920_QIPBPZ_AS5J2H.jpeg,composita: astuccio + ciocca nuance ufficiale (astuccio di linea),sicuro,"variante 1086027, EAN 8032947860272, pagina: Fanola Color - Marroni FANOLA COLOR, nuance 4.14"
FAN86034,FAN86034.webp,https://agf88holding-cdn.thron.com/static/EMSYSB_MASTER_9500283__8032947860340_00-1920x1920_ZJWLAK_ZDBFG5.png,https://agf88holding-cdn.thron.com/static/NSFDOX_VARIANT_1086034_001__8032947860340_03-1920x1920_HCENWA_0IMS2N.jpeg,composita: astuccio + ciocca nuance ufficiale (astuccio di linea),sicuro,"variante 1086034, EAN 8032947860340, pagina: Fanola Color - Dorati FANOLA COLOR, nuance 5.3"
FAN86055,FAN86055.webp,https://agf88holding-cdn.thron.com/static/L8CVA0_MASTER_9500289__8032947860555_00-1920x1920_B2POSB_USBHTF.png,https://agf88holding-cdn.thron.com/static/TNSBLP_VARIANT_1086055_001__8032947860555_03-1920x1920_MIVR3C_KWI9YD.jpeg,composita: astuccio + ciocca nuance ufficiale (astuccio di linea),sicuro,"variante 1086055, EAN 8032947860555, pagina: Fanola Color - Mogano FANOLA COLOR, nuance 4.5"
FAN86062,FAN86062.webp,https://agf88holding-cdn.thron.com/static/OHN6HU_MASTER_9500272__8032947860012_00-1920x1920_8IA3KW_3L8O2P.png,https://agf88holding-cdn.thron.com/static/OCHC39_VARIANT_1086062_001__8032947860623_03-1920x1920_RG54QL_4TPPI8.jpeg,composita: astuccio + ciocca nuance ufficiale (astuccio di linea),sicuro,"variante 1086062, EAN 8032947860623, pagina: Fanola Color - Naturali FANOLA COLOR, nuance 11.0"
FAN86066,FAN86066.webp,https://agf88holding-cdn.thron.com/static/ILXBV0_MASTER_9500299__8032947860661_00-1920x1920_2MLBEA_OABRPK.png,https://agf88holding-cdn.thron.com/static/9WN08A_VARIANT_1086066_001__8032947860661_03-1920x1920_BWBFJ4_1WX9NP.jpeg,composita: astuccio + ciocca nuance ufficiale (astuccio di linea),sicuro,"variante 1086066, EAN 8032947860661, pagina: Fanola Color - Neutro FANOLA COLOR, nuance neutro"
FAN86069,FAN86069.webp,https://agf88holding-cdn.thron.com/static/GN6GMT_MASTER_9500295__8032947860678_00-1920x1920_LSNXV4_MN5RJU.png,https://agf88holding-cdn.thron.com/static/J2Q4II_VARIANT_1086069_001__8032947860692_03-1920x1920_T2BMKL_HHNGN7.jpeg,composita: astuccio + ciocca nuance ufficiale (astuccio di linea),sicuro,"variante 1086069, EAN 8032947860692, pagina: Fanola Color - Correttori FANOLA COLOR, nuance giallo"
FAN86072,FAN86072.webp,https://agf88holding-cdn.thron.com/static/LN40LK_VARIANT_1086072_001__8032947860722_00-1920x1920_EF8UL2_ZHKLLQ.png,https://agf88holding-cdn.thron.com/static/CLIT2Q_VARIANT_1086072_001__8032947860722_03-1920x1920_5V9HO9_034OV1.jpeg,composita: astuccio + ciocca nuance ufficiale,DA VERIFICARE,"sito: tinta Fanola Color 10.03 Naturali caldi — CSV: ""Accessori colore 150 gr"" | variante 1086072, EAN 8032947860722, pagina: Fanola Color - Naturali caldi FANOLA COLOR, nuance 10.03"
FAN86074,FAN86074.webp,https://agf88holding-cdn.thron.com/static/CC5AY2_VARIANT_1086074_001__8032947860746_00-1920x1920_SBGIUP_O3DR1H.png,https://agf88holding-cdn.thron.com/static/QZZ4WO_VARIANT_1086074_001__8032947860746_03-1920x1920_6ZF6AK_GPLEPX.jpeg,composita: astuccio + ciocca nuance ufficiale,sicuro,"variante 1086074, EAN 8032947860746, pagina: Fanola Color - Cenere FANOLA COLOR, nuance 5.1"
FAN86075,FAN86075.webp,https://agf88holding-cdn.thron.com/static/WFKEY1_VARIANT_1086075_001__8032947860753_00-1920x1920_TMYSK2_6Z18QD.png,https://agf88holding-cdn.thron.com/static/GDN6DK_VARIANT_1086075_001__8032947860753_03-1920x1920_9HZX4A_9S92J2.jpeg,composita: astuccio + ciocca nuance ufficiale,sicuro,"variante 1086075, EAN 8032947860753, pagina: Fanola Color - Cenere FANOLA COLOR, nuance 10.1"
FAN86078,FAN86078.webp,https://agf88holding-cdn.thron.com/static/0RTY6R_VARIANT_1086078_001__8032947860784_00-1920x1920_43KR3B_SFUE28.png,https://agf88holding-cdn.thron.com/static/KNSTYX_VARIANT_1086078_001__8032947860784_03-1920x1920_A6FXXQ_GB9V8F.jpeg,composita: astuccio + ciocca nuance ufficiale,sicuro,"variante 1086078, EAN 8032947860784, pagina: Fanola Color - Marroni FANOLA COLOR, nuance 10.14"
FAN86080,FAN86080.webp,https://agf88holding-cdn.thron.com/static/5VECW0_VARIANT_1086080_001__8032947860807_00-1920x1920_56ROK8_U7U7DG.png,https://agf88holding-cdn.thron.com/static/OBKX0L_VARIANT_1086080_001__8032947860807_03-1920x1920_14OHQF_DSCAPF.jpeg,composita: astuccio + ciocca nuance ufficiale,sicuro,"variante 1086080, EAN 8032947860807, pagina: Fanola Color - Dorati FANOLA COLOR, nuance 10.3"
FAN86083,FAN86083.webp,https://agf88holding-cdn.thron.com/static/JSGYDX_MASTER_9500290__8032947860838_00-1920x1920_O9BPU2_ZIVS4P.png,https://agf88holding-cdn.thron.com/static/HRO7D4_VARIANT_1086083_001__8032947860838_03-1920x1920_2YFW3D_D59SVR.jpeg,composita: astuccio + ciocca nuance ufficiale (astuccio di linea),sicuro,"variante 1086083, EAN 8032947860838, pagina: Fanola Color - Rossi FANOLA COLOR, nuance 4.6"
FAN86161,FAN86161.webp,https://agf88holding-cdn.thron.com/static/NTBSXA_VARIANT_1086161_000__8032947861613_00-1920x1920_HQWW18_ZPW26I.png,,packshot variante,sicuro,"variante 1086161, EAN 8032947861613, pagina: Fanola Oxy 10 vol FANOLA OXY"
FAN86162,FAN86162.webp,https://agf88holding-cdn.thron.com/static/VQ5IOD_VARIANT_1086162_000__8032947861620_00-1920x1920_DCFIOS_29V4JU.png,,packshot variante,sicuro,"variante 1086162, EAN 8032947861620, pagina: Fanola Oxy 20 vol FANOLA OXY"
FAN86163,FAN86163.webp,https://agf88holding-cdn.thron.com/static/DC1LOF_VARIANT_1086163_000__8032947861637_00-1920x1920_1JDTR6_NUGYLE.png,,packshot variante,DA VERIFICARE,"sito: Fanola Oxy 30 vol 1000ml (sequenza 86161=10v, 86162=20v) — CSV: ""Matrix Trattamenti ricrescita 1000 ml"" | variante 1086163, EAN 8032947861637, pagina: Fanola Oxy 30 vol FANOLA OXY"
FAN86164,FAN86164.webp,https://agf88holding-cdn.thron.com/static/AIB2GP_VARIANT_1086164_000__8032947861644_00-1920x1920_R01LD6_F7RM6Q.png,,packshot variante,sicuro,"variante 1086164, EAN 8032947861644, pagina: Fanola Oxy 40 vol FANOLA OXY"
FAN86173,FAN86173.webp,https://agf88holding-cdn.thron.com/static/M4JQPX_MASTER_9500366__8032947861736_00-1920x1920_2MBRA1_ANO02T.png,https://agf88holding-cdn.thron.com/static/V23PQR_VARIANT_1086173_001__8032947861736_03-1920x1920_L0N9DC_YGPJ1H.jpeg,composita: astuccio + ciocca nuance ufficiale (astuccio di linea),sicuro,"variante 1086173, EAN 8032947861736, pagina: Color Keratin - Dorati rame COLOR KERATIN, nuance 6.34"
FAN86175,FAN86175.webp,https://agf88holding-cdn.thron.com/static/T6JDEI_VARIANT_1086175_001__8032947861750_00-1920x1920_ZXOD7S_M5P7GZ.png,https://agf88holding-cdn.thron.com/static/IN5AIJ_VARIANT_1086175_001__8032947861750_03-1920x1920_PVEWXN_7JBLNP.jpeg,composita: astuccio + ciocca nuance ufficiale,sicuro,"variante 1086175, EAN 8032947861750, pagina: Color Keratin - Dorati rame COLOR KERATIN, nuance 7.34"
FAN86276,FAN86276.webp,https://agf88holding-cdn.thron.com/static/OLG0V7_VARIANT_1096814_000__8032947868148_00-1920x1920_CZTJ9R_D789XG.png,,packshot variante,sicuro,"variante 1096814, EAN 8032947868148, pagina: Stain remover FANOLA UTILITIES"
FAN86296,FAN86296.webp,https://agf88holding-cdn.thron.com/static/DEGXNB_VARIANT_1076638_000__8008277766386_00-1920x1920_HIR7PN_18K5LI.png,,packshot variante,sicuro,"variante 1076638, EAN 8008277766386, pagina: Wonder Smooth serum WONDER SMOOTH"
FAN86305,FAN86305.webp,https://agf88holding-cdn.thron.com/static/GG1UZ5_VARIANT_1086305_002__8032947863051_00-1920x1920_H655NQ_5QVAHZ.png,https://agf88holding-cdn.thron.com/static/3O6H31_VARIANT_1086305_002__8032947863051_03-1920x1920_GRLWT6_16PGKT.jpeg,composita: astuccio + ciocca nuance ufficiale,sicuro,"variante 1086305, EAN 8032947863051, pagina: Fanola Color - Cenere intensi FANOLA COLOR, nuance 8.11"
FAN86309,FAN86309.webp,https://agf88holding-cdn.thron.com/static/C8XWJU_VARIANT_1086309_002__8032947863099_00-1920x1920_JSPTO2_WF5P8G.png,https://agf88holding-cdn.thron.com/static/NKADIF_VARIANT_1086309_002__8032947863099_03-1920x1920_QZKJGG_W8D0VE.jpeg,composita: astuccio + ciocca nuance ufficiale,sicuro,"variante 1086309, EAN 8032947863099, pagina: Fanola Color - Viola intensi FANOLA COLOR, nuance 5.22"
FAN86326,FAN86326.webp,https://agf88holding-cdn.thron.com/static/OZR8ZT_MASTER_9500322__8008277761527_00-1920x1920_V2YZYN_03Z48Z.png,https://agf88holding-cdn.thron.com/static/JLIHRE_VARIANT_1086326_002__8032947863266_03-1920x1920_72B0TS_OO785S.jpeg,composita: astuccio + ciocca nuance ufficiale (astuccio di linea),sicuro,"variante 1086326, EAN 8032947863266, pagina: Color Zoom - Marroni COLORZOOM, nuance 12.7"
FAN86331,FAN86331.webp,https://agf88holding-cdn.thron.com/static/RUZITE_VARIANT_1076059_000__8008277760599_00-1920x1920_N7DSIG_OP30RO.png,,packshot variante,sicuro,"variante 1076059, EAN 8008277760599, pagina: Nourishing nutri-one 10 actions NOURISHING"
FAN86353,FAN86353.webp,https://agf88holding-cdn.thron.com/static/JIUS2L_MASTER_9500365__8032947863532_00-1920x1920_0NSDSD_8JBGHL.png,https://agf88holding-cdn.thron.com/static/BMOQWR_VARIANT_1086353_001__8032947863532_03-1920x1920_VAN5IP_AMQFNW.jpeg,composita: astuccio + ciocca nuance ufficiale (astuccio di linea),sicuro,"variante 1086353, EAN 8032947863532, pagina: Color Keratin - Sabbia COLOR KERATIN, nuance 6.31"
FAN86413,FAN86413.webp,https://agf88holding-cdn.thron.com/static/40ENY1_VARIANT_1086413_001__8032947863747_00-1920x1920_U8SRPT_DY0SD9.png,,packshot variante,sicuro,"variante 1086413, EAN 8032947863747, pagina: Keraterm shampoo KERATERM"
FAN86425,FAN86425.webp,https://agf88holding-cdn.thron.com/static/KZSFBN_VARIANT_1086425_001__8032947864256_00-1920x1920_QL0PXK_HRRUPH.png,https://agf88holding-cdn.thron.com/static/NHGNRP_VARIANT_1086425_001__8032947864256_03-1920x1920_RT3F5U_0CZ774.jpeg,composita: astuccio + ciocca nuance ufficiale,sicuro,"variante 1086425, EAN 8032947864256, pagina: Color Keratin - Naturali COLOR KERATIN, nuance 3.0"
FAN86426,FAN86426.webp,https://agf88holding-cdn.thron.com/static/ME5KGM_VARIANT_1086426_001__8032947864263_00-1920x1920_FXD0T9_MCB32U.png,https://agf88holding-cdn.thron.com/static/BCAWGT_VARIANT_1086426_001__8032947864263_03-1920x1920_M3S88V_OSPYPF.jpeg,composita: astuccio + ciocca nuance ufficiale,sicuro,"variante 1086426, EAN 8032947864263, pagina: Color Keratin - Naturali COLOR KERATIN, nuance 4.0"
FAN86430,FAN86430.webp,https://agf88holding-cdn.thron.com/static/5KONFW_VARIANT_1086430_001__8032947864300_00-1920x1920_U3UJNI_OB7GU7.png,https://agf88holding-cdn.thron.com/static/TLMVJP_VARIANT_1086430_001__8032947864300_03-1920x1920_NHWMY3_TEXRKQ.jpeg,composita: astuccio + ciocca nuance ufficiale,sicuro,"variante 1086430, EAN 8032947864300, pagina: Color Keratin - Naturali COLOR KERATIN, nuance 8.0"
FAN86431,FAN86431.webp,https://agf88holding-cdn.thron.com/static/2SORHZ_VARIANT_1086431_001__8032947864317_00-1920x1920_MQTTM7_NUV020.png,https://agf88holding-cdn.thron.com/static/AFB4FE_VARIANT_1086431_001__8032947864317_03-1920x1920_0GVXV7_A5VP5L.jpeg,composita: astuccio + ciocca nuance ufficiale,sicuro,"variante 1086431, EAN 8032947864317, pagina: Color Keratin - Naturali COLOR KERATIN, nuance 9.0"
FAN86434,FAN86434.webp,https://agf88holding-cdn.thron.com/static/VSOKMN_VARIANT_1086434_001__8032947864348_00-1920x1920_BCAZ7V_G9YUAM.png,https://agf88holding-cdn.thron.com/static/NDZFF6_VARIANT_1086434_001__8032947864348_03-1920x1920_RQV49Z_H3L7XB.jpeg,composita: astuccio + ciocca nuance ufficiale,sicuro,"variante 1086434, EAN 8032947864348, pagina: Color Keratin - Viola COLOR KERATIN, nuance 5.2"
FAN86436,FAN86436.webp,https://agf88holding-cdn.thron.com/static/VBAFVD_VARIANT_1086436_001__8032947864362_00-1920x1920_0B7TXG_35EO81.png,https://agf88holding-cdn.thron.com/static/8ZTMMM_VARIANT_1086436_001__8032947864362_03-1920x1920_C0ZHQN_TXK8YI.jpeg,composita: astuccio + ciocca nuance ufficiale,sicuro,"variante 1086436, EAN 8032947864362, pagina: Color Keratin - Cenere COLOR KERATIN, nuance 5.1"
FAN86438,FAN86438.webp,https://agf88holding-cdn.thron.com/static/HUR9U0_VARIANT_1086438_001__8032947864386_00-1920x1920_Y9TC0U_S5PGDY.png,https://agf88holding-cdn.thron.com/static/GTWVKS_VARIANT_1086438_001__8032947864386_03-1920x1920_UMKG67_EXRNJY.jpeg,composita: astuccio + ciocca nuance ufficiale,sicuro,"variante 1086438, EAN 8032947864386, pagina: Color Keratin - Cenere COLOR KERATIN, nuance 7.1"
FAN86439,FAN86439.webp,https://agf88holding-cdn.thron.com/static/07SHKP_VARIANT_1086439_001__8032947864393_00-1920x1920_QNL2VU_2984WO.png,https://agf88holding-cdn.thron.com/static/BOS0YR_VARIANT_1086439_001__8032947864393_03-1920x1920_W7T94U_8QNLNV.jpeg,composita: astuccio + ciocca nuance ufficiale,sicuro,"variante 1086439, EAN 8032947864393, pagina: Color Keratin - Cenere COLOR KERATIN, nuance 8.1"
FAN86440,FAN86440.webp,https://agf88holding-cdn.thron.com/static/SE58DM_VARIANT_1086440_001__8032947864409_00-1920x1920_AOOC6X_67B767.png,https://agf88holding-cdn.thron.com/static/DLWSKQ_VARIANT_1086440_001__8032947864409_03-1920x1920_7NDZCT_JBI7M4.jpeg,composita: astuccio + ciocca nuance ufficiale,sicuro,"variante 1086440, EAN 8032947864409, pagina: Color Keratin - Cenere COLOR KERATIN, nuance 9.1"
FAN86444,FAN86444.webp,https://agf88holding-cdn.thron.com/static/9085SX_VARIANT_1086444_001__8032947864447_00-1920x1920_AYZUXH_PFLVVO.png,https://agf88holding-cdn.thron.com/static/L9YZOK_VARIANT_1086444_001__8032947864447_03-1920x1920_6XNLNB_JVD3SW.jpeg,composita: astuccio + ciocca nuance ufficiale,sicuro,"variante 1086444, EAN 8032947864447, pagina: Color Keratin - Cioccolato COLOR KERATIN, nuance 6.14"
FAN86446,FAN86446.webp,https://agf88holding-cdn.thron.com/static/BT44Z8_VARIANT_1086446_001__8032947864461_00-1920x1920_M006GZ_KE0UUR.png,https://agf88holding-cdn.thron.com/static/RK7MPW_VARIANT_1086446_001__8032947864461_03-1920x1920_8XOLYI_44RZV2.jpeg,composita: astuccio + ciocca nuance ufficiale,sicuro,"variante 1086446, EAN 8032947864461, pagina: Color Keratin - Dorati COLOR KERATIN, nuance 6.3"
FAN86448,FAN86448.webp,https://agf88holding-cdn.thron.com/static/TIXCRS_VARIANT_1086448_001__8032947864485_00-1920x1920_K2Z7X1_Z79M4L.png,https://agf88holding-cdn.thron.com/static/V0GIXU_VARIANT_1086448_001__8032947864485_03-1920x1920_L1WP0X_T1Q0G0.jpeg,composita: astuccio + ciocca nuance ufficiale,sicuro,"variante 1086448, EAN 8032947864485, pagina: Color Keratin - Dorati COLOR KERATIN, nuance 8.3"
FAN86449,FAN86449.webp,https://agf88holding-cdn.thron.com/static/REJXSZ_VARIANT_1086449_001__8032947864492_00-1920x1920_BFGYZB_I4C226.png,https://agf88holding-cdn.thron.com/static/YVVTCR_VARIANT_1086449_001__8032947864492_03-1920x1920_PCTJQ6_AXDGPE.jpeg,composita: astuccio + ciocca nuance ufficiale,sicuro,"variante 1086449, EAN 8032947864492, pagina: Color Keratin - Dorati COLOR KERATIN, nuance 9.3"
FAN86452,FAN86452.webp,https://agf88holding-cdn.thron.com/static/MSDYAD_VARIANT_1086452_001__8032947864522_00-1920x1920_KA494F_QI7NUK.png,https://agf88holding-cdn.thron.com/static/2SN4W0_VARIANT_1086452_001__8032947864522_03-1920x1920_URXDEV_MC9DGT.jpeg,composita: astuccio + ciocca nuance ufficiale,sicuro,"variante 1086452, EAN 8032947864522, pagina: Color Keratin - Rame COLOR KERATIN, nuance 7.4"
FAN86453,FAN86453.webp,https://agf88holding-cdn.thron.com/static/8BFEJS_MASTER_9500368__8032947864539_00-1920x1920_7X5IVL_EY680I.png,https://agf88holding-cdn.thron.com/static/PXUL4A_VARIANT_1086453_001__8032947864539_03-1920x1920_R4DNW0_9RIBQT.jpeg,composita: astuccio + ciocca nuance ufficiale (astuccio di linea),sicuro,"variante 1086453, EAN 8032947864539, pagina: Color Keratin - Mogano COLOR KERATIN, nuance 4.5"
FAN86454,FAN86454.webp,https://agf88holding-cdn.thron.com/static/GNQ8L3_VARIANT_1086454_001__8032947864546_00-1920x1920_Y7SK6C_R6DLXT.png,https://agf88holding-cdn.thron.com/static/MWABZ4_VARIANT_1086454_001__8032947864546_03-1920x1920_AQP21T_9O9S1A.jpeg,composita: astuccio + ciocca nuance ufficiale,sicuro,"variante 1086454, EAN 8032947864546, pagina: Color Keratin - Mogano COLOR KERATIN, nuance 5.5"
FAN86456,FAN86456.webp,https://agf88holding-cdn.thron.com/static/FW5LSP_VARIANT_1086456_001__8032947864560_00-1920x1920_6F6P9V_BPY10D.png,https://agf88holding-cdn.thron.com/static/3B8BRE_VARIANT_1086456_001__8032947864560_03-1920x1920_UMBSP0_HM7DXE.jpeg,composita: astuccio + ciocca nuance ufficiale,sicuro,"variante 1086456, EAN 8032947864560, pagina: Color Keratin - Rossi COLOR KERATIN, nuance 6.6"
FAN86458,FAN86458.webp,https://agf88holding-cdn.thron.com/static/WDYLAP_MASTER_9500373__8032947864577_00-1920x1920_PB5SER_GNT2C6.png,https://agf88holding-cdn.thron.com/static/HJY9RU_VARIANT_1086458_001__8032947864584_03-1920x1920_RYT8U5_VA9HK2.jpeg,composita: astuccio + ciocca nuance ufficiale (astuccio di linea),sicuro,"variante 1086458, EAN 8032947864584, pagina: Color Keratin - Biondo Platino Extra COLOR KERATIN, nuance 10.1extra"
FAN86462,FAN86462.webp,https://agf88holding-cdn.thron.com/static/RGTMCD_MASTER_9500361__8032947864355_00-1920x1920_NV2BD3_DQ5K7V.png,https://agf88holding-cdn.thron.com/static/1W2R5M_VARIANT_1086462_001__8032947864621_03-1920x1920_RKVQ91_JWSA16.jpeg,composita: astuccio + ciocca nuance ufficiale (astuccio di linea),sicuro,"variante 1086462, EAN 8032947864621, pagina: Color Keratin - Cenere COLOR KERATIN, nuance 11.1"
FAN86467,FAN86467.webp,https://agf88holding-cdn.thron.com/static/LNKMP9_VARIANT_1076405_000__8008277764054_00-1920x1920_9ZDNK1_G41E1Q.png,,packshot variante,sicuro,"variante 1076405, EAN 8008277764054, pagina: Orotherapy gold activator 10 vol GOLD ACTIVATOR"
FAN86501,FAN86501.webp,https://agf88holding-cdn.thron.com/static/LQ1PUE_MASTER_9500362__8032947865017_00-1920x1920_PRVXTN_I5XVJF.png,https://agf88holding-cdn.thron.com/static/3XOAX3_VARIANT_1086501_001__8032947865017_03-1920x1920_P2IRJA_MCO01W.jpeg,composita: astuccio + ciocca nuance ufficiale (astuccio di linea),sicuro,"variante 1086501, EAN 8032947865017, pagina: Color Keratin - Beige COLOR KERATIN, nuance 6.13"
FAN86502,FAN86502.webp,https://agf88holding-cdn.thron.com/static/DXB8G3_VARIANT_1086502_001__8032947865024_00-1920x1920_C67TA6_I4QBTV.png,https://agf88holding-cdn.thron.com/static/EZ71DE_VARIANT_1086502_001__8032947865024_03-1920x1920_47Q7AP_82U1XC.jpeg,composita: astuccio + ciocca nuance ufficiale,sicuro,"variante 1086502, EAN 8032947865024, pagina: Color Keratin - Beige COLOR KERATIN, nuance 7.13"
FAN86503,FAN86503.webp,https://agf88holding-cdn.thron.com/static/JCILHP_VARIANT_1086503_001__8032947865031_00-1920x1920_2Q32CW_XB4SB4.png,https://agf88holding-cdn.thron.com/static/MOJ9RG_VARIANT_1086503_001__8032947865031_03-1920x1920_L05IKA_WZL6G0.jpeg,composita: astuccio + ciocca nuance ufficiale,sicuro,"variante 1086503, EAN 8032947865031, pagina: Color Keratin - Beige COLOR KERATIN, nuance 8.13"
FAN86582,FAN86582.webp,https://agf88holding-cdn.thron.com/static/FSGH5D_VARIANT_1086582_001__8032947865826_00-1920x1920_Z8ZHGO_7759GM.png,,packshot variante,sicuro,"variante 1086582, EAN 8032947865826, pagina: Keraterm spray KERATERM"
FAN86605,FAN86605.webp,https://agf88holding-cdn.thron.com/static/SOIPGS_VARIANT_1086605_001__8032947866052_00-1920x1920_YKGKO1_0FKQCF.png,https://agf88holding-cdn.thron.com/static/VS6N2L_VARIANT_1086605_001__8032947866052_03-1920x1920_0U6QDB_3XZYVZ.jpeg,composita: astuccio + ciocca nuance ufficiale,sicuro,"variante 1086605, EAN 8032947866052, pagina: Color Keratin - Cioccolato COLOR KERATIN, nuance 7.14"
FAN86608,FAN86608.webp,https://agf88holding-cdn.thron.com/static/HWOJ3O_MASTER_9500375__8032947866090_00-1920x1920_YASUTN_JEOR24.png,https://agf88holding-cdn.thron.com/static/USBO3B_VARIANT_1086608_001__8032947866083_03-1920x1920_OA7QHV_SH6S3T.jpeg,composita: astuccio + ciocca nuance ufficiale (astuccio di linea),sicuro,"variante 1086608, EAN 8032947866083, pagina: Color Keratin correttore COLOR KERATIN, nuance rosso"
FAN86642,FAN86642.webp,https://agf88holding-cdn.thron.com/static/XJTGNF_VARIANT_1086642_002__8032947866427_00-1920x1920_HIEKGE_2UFSMP.png,,packshot variante,sicuro,"variante 1086642, EAN 8032947866427, pagina: Botugen shampoo BOTUGEN"
FAN86643,FAN86643.webp,https://agf88holding-cdn.thron.com/static/W9YKWI_VARIANT_1086643_002__8032947866434_00-1920x1920_EHAK1G_H0POQV.png,,packshot variante,sicuro,"variante 1086643, EAN 8032947866434, pagina: Botugen shampoo BOTUGEN"
FAN86646,FAN86646.webp,https://agf88holding-cdn.thron.com/static/IV45TY_VARIANT_1086646_002__8032947866465_00-1920x1920_KE3S83_MRAZZ2.png,,packshot variante,sicuro,"variante 1086646, EAN 8032947866465, pagina: Botugen filler BOTUGEN"
FAN86655,FAN86655.webp,https://agf88holding-cdn.thron.com/static/D6HPZY_VARIANT_1086655_001__8032947866557_00-1920x1920_KV5A6E_IPJB15.png,,packshot variante,sicuro,"variante 1086655, EAN 8032947866557, pagina: Perm p1s PERM"
FAN86656,FAN86656.webp,https://agf88holding-cdn.thron.com/static/WFPHHG_VARIANT_1086656_001__8032947866564_00-1920x1920_ANLFYD_M6T4I1.png,,packshot variante,sicuro,"variante 1086656, EAN 8032947866564, pagina: Perm p2 PERM"
FAN86682,FAN86682.webp,https://agf88holding-cdn.thron.com/static/FQTKHL_VARIANT_1076278_000__8008277762784_00-1920x1920_RIO2ID_F602I2.png,,packshot variante,sicuro,"variante 1076278, EAN 8008277762784, pagina: Orotherapy gold shampoo OROTHERAPY"
FAN86683,FAN86683.webp,https://agf88holding-cdn.thron.com/static/GXFJN9_VARIANT_1076280_000__8008277762807_00-1920x1920_X2Z5XK_0L8KPO.png,,packshot variante,sicuro,"variante 1076280, EAN 8008277762807, pagina: Orotherapy gold mask OROTHERAPY"
FAN86706,FAN86706.webp,https://agf88holding-cdn.thron.com/static/QB5Z6C_VARIANT_1086706_002__8032947867066_00-1920x1920_0AH67D_08ZRDV.png,https://agf88holding-cdn.thron.com/static/HSSD5Z_VARIANT_1086706_002__8032947867066_03-1920x1920_8YNG8V_QNM3N4.jpeg,composita: astuccio + ciocca nuance ufficiale,sicuro,"variante 1086706, EAN 8032947867066, pagina: Fanola Color - Naturali intensi FANOLA COLOR, nuance 5.00"
FAN86707,FAN86707.webp,https://agf88holding-cdn.thron.com/static/YABNPO_VARIANT_1086707_002__8032947867073_00-1920x1920_IQFY61_2LBZA8.png,https://agf88holding-cdn.thron.com/static/KPEXVN_VARIANT_1086707_002__8032947867073_03-1920x1920_ATAAT6_WSDR36.jpeg,composita: astuccio + ciocca nuance ufficiale,sicuro,"variante 1086707, EAN 8032947867073, pagina: Fanola Color - Naturali intensi FANOLA COLOR, nuance 6.00"
FAN86803,FAN86803.webp,https://agf88holding-cdn.thron.com/static/48V7X1_MASTER_9500360__8032947868032_00-1920x1920_PNU2F0_VXBPJK.png,https://agf88holding-cdn.thron.com/static/ZU2DUS_VARIANT_1086803_001__8032947868032_03-1920x1920_8G6KIK_HXJEKS.jpeg,composita: astuccio + ciocca nuance ufficiale (astuccio di linea),sicuro,"variante 1086803, EAN 8032947868032, pagina: Color Keratin - Naturali intensi COLOR KERATIN, nuance 5.00"
FAN86805,FAN86805.webp,https://agf88holding-cdn.thron.com/static/NJN7JB_VARIANT_1086805_001__8032947868056_00-1920x1920_UB5K2I_KQN3T0.png,https://agf88holding-cdn.thron.com/static/MXPP87_VARIANT_1086805_001__8032947868056_03-1920x1920_ZBCBA7_N71DIJ.jpeg,composita: astuccio + ciocca nuance ufficiale,sicuro,"variante 1086805, EAN 8032947868056, pagina: Color Keratin - Naturali intensi COLOR KERATIN, nuance 7.00"
FAN86806,FAN86806.webp,https://agf88holding-cdn.thron.com/static/4QJCHG_VARIANT_1086806_001__8032947868063_00-1920x1920_USQR9O_54468M.png,https://agf88holding-cdn.thron.com/static/OSIIHD_VARIANT_1086806_001__8032947868063_03-1920x1920_IGQX2Q_578DY0.jpeg,composita: astuccio + ciocca nuance ufficiale,sicuro,"variante 1086806, EAN 8032947868063, pagina: Color Keratin - Naturali intensi COLOR KERATIN, nuance 8.00"
FAN86812,FAN86812.webp,https://agf88holding-cdn.thron.com/static/2E4C5P_VARIANT_1086812_001__8032947868124_00-1920x1920_8SZ322_NUSRM2.png,https://agf88holding-cdn.thron.com/static/RZUGSL_VARIANT_1086812_001__8032947868124_03-1920x1920_91HUWT_KGVETB.jpeg,composita: astuccio + ciocca nuance ufficiale,sicuro,"variante 1086812, EAN 8032947868124, pagina: Color Keratin - Mogano COLOR KERATIN, nuance 6.5"
FAN96361,FAN96361.webp,https://agf88holding-cdn.thron.com/static/2MULHL_VARIANT_1096361_002__8032947863617_00-1920x1920_D78YI7_TG9CJK.png,https://agf88holding-cdn.thron.com/static/EEFF64_VARIANT_1096361_002__8032947863617_03-1920x1920_54WCUE_7FN09Q.jpeg,composita: astuccio + ciocca nuance ufficiale,sicuro,"variante 1096361, EAN 8032947863617, pagina: Fanola Color - Viola fantasia FANOLA COLOR, nuance 9.2f"
FAN96362,FAN96362.webp,https://agf88holding-cdn.thron.com/static/5AH6LZ_VARIANT_1096362_002__8032947863624_00-1920x1920_0YU9CP_JIUT8X.png,https://agf88holding-cdn.thron.com/static/BRZOBQ_VARIANT_1096362_002__8032947863624_03-1920x1920_D7HN2S_FC8JN0.jpeg,composita: astuccio + ciocca nuance ufficiale,sicuro,"variante 1096362, EAN 8032947863624, pagina: Fanola Color - Viola fantasia FANOLA COLOR, nuance 10.2f"
FAN96628,FAN96628.webp,https://agf88holding-cdn.thron.com/static/NPVPP9_MASTER_9500312__8032947866281_00-1920x1920_8W7V0H_P7ZHX1.png,https://agf88holding-cdn.thron.com/static/IH0JA5_VARIANT_1096628_001__8032947866281_03-1920x1920_KF8BOL_NDR5B4.jpeg,composita: astuccio + ciocca nuance ufficiale (astuccio di linea),DA VERIFICARE,"sito: No Yellow superschiarente antigiallo s.1202 — CSV: ""ghd Platinum Styler"" | variante 1096628, EAN 8032947866281, pagina: No Yellow - superschiarente antigiallo NO YELLOW, nuance s.1202"
FAN86005,FAN86005.webp,https://agf88holding-cdn.thron.com/static/HNOTWI_VARIANT_1086005_001__8032947860050_00-1920x1920_7TANX1_EME4XC.png,https://agf88holding-cdn.thron.com/static/GBA4DN_VARIANT_1086005_001__8032947860050_03-1920x1920_N0YEJ4_8PXZIN.jpeg,composita: astuccio + ciocca nuance ufficiale,sicuro,"variante 1086005, EAN 8032947860050, pagina: Fanola Color - Naturali FANOLA COLOR, nuance 6.0"
FAN86007,FAN86007.webp,https://agf88holding-cdn.thron.com/static/DN5DGU_VARIANT_1086007_001__8032947860074_00-1920x1920_8ZBBYM_25WJFM.png,https://agf88holding-cdn.thron.com/static/BY0FAV_VARIANT_1086007_001__8032947860074_03-1920x1920_3IKLD0_RBJ5G5.jpeg,composita: astuccio + ciocca nuance ufficiale,sicuro,"variante 1086007, EAN 8032947860074, pagina: Fanola Color - Naturali FANOLA COLOR, nuance 8.0"
FAN86048,FAN86048.webp,https://agf88holding-cdn.thron.com/static/GHUQAS_VARIANT_1086048_001__8032947860487_00-1920x1920_6FSU4V_XGWB4V.png,https://agf88holding-cdn.thron.com/static/7UTVVW_VARIANT_1086048_001__8032947860487_03-1920x1920_Q7TR0O_1I4V6V.jpeg,composita: astuccio + ciocca nuance ufficiale,sicuro,"variante 1086048, EAN 8032947860487, pagina: Fanola Color - Rame dorati FANOLA COLOR, nuance 7.43"
FAN86060,FAN86060.webp,https://agf88holding-cdn.thron.com/static/RWGIVA_VARIANT_1086060_001__8032947860609_00-1920x1920_6S41D9_EA6TW7.png,https://agf88holding-cdn.thron.com/static/KTZEW4_VARIANT_1086060_001__8032947860609_03-1920x1920_8O3AIR_302VKQ.jpeg,composita: astuccio + ciocca nuance ufficiale,sicuro,"variante 1086060, EAN 8032947860609, pagina: Fanola Color - Rossi FANOLA COLOR, nuance 6.6"
FAN86063,FAN86063.webp,https://agf88holding-cdn.thron.com/static/KV3WCY_MASTER_9500275__8032947860180_00-1920x1920_ZA7UX0_B3WUWL.png,https://agf88holding-cdn.thron.com/static/MPKJSH_VARIANT_1086063_001__8032947860630_03-1920x1920_PNKKNK_HFFAO5.jpeg,composita: astuccio + ciocca nuance ufficiale (astuccio di linea),sicuro,"variante 1086063, EAN 8032947860630, pagina: Fanola Color - Cenere FANOLA COLOR, nuance 11.1"
FAN86064,FAN86064.webp,https://agf88holding-cdn.thron.com/static/SHOSDR_MASTER_9500280__8032947860234_00-1920x1920_TA4WWM_V5NZ6Y.png,https://agf88holding-cdn.thron.com/static/YEUDKK_VARIANT_1086064_001__8032947860647_03-1920x1920_IXZI70_05P9DL.jpeg,composita: astuccio + ciocca nuance ufficiale (astuccio di linea),sicuro,"variante 1086064, EAN 8032947860647, pagina: Fanola Color - Beige FANOLA COLOR, nuance 11.13"
FAN86086,FAN86086.webp,https://agf88holding-cdn.thron.com/static/8CBCPI_VARIANT_1086086_001__8032947860869_00-1920x1920_IYV3BB_JFKT18.png,,packshot variante,DA VERIFICARE,"sito: tinta Fanola Color 10.13 Beige — CSV: ""D'Shila Plasters 250 gr"" | variante 1086086, EAN 8032947860869, pagina: Fanola Color - Beige FANOLA COLOR, nuance 10.13"
FAN86304,FAN86304.webp,https://agf88holding-cdn.thron.com/static/2OLUYF_VARIANT_1086304_002__8032947863044_00-1920x1920_PCAF8R_S17J5G.png,https://agf88holding-cdn.thron.com/static/8KAWLV_VARIANT_1086304_002__8032947863044_03-1920x1920_CKT8X8_WY6V8F.jpeg,composita: astuccio + ciocca nuance ufficiale,sicuro,"variante 1086304, EAN 8032947863044, pagina: Fanola Color - Cenere intensi FANOLA COLOR, nuance 7.11"
FAN86324,FAN86324.webp,https://agf88holding-cdn.thron.com/static/XRGHWM_MASTER_9500277__8032947860333_00-1920x1920_Q03VA4_23IK5K.png,https://agf88holding-cdn.thron.com/static/T0UZOY_VARIANT_1086324_002__8032947863242_03-1920x1920_36VWWL_ZD1HMG.jpeg,composita: astuccio + ciocca nuance ufficiale (astuccio di linea),sicuro,"variante 1086324, EAN 8032947863242, pagina: Fanola Color - Viola FANOLA COLOR, nuance 12.2"
FAN86432,FAN86432.webp,https://agf88holding-cdn.thron.com/static/W23WOX_VARIANT_1086432_001__8032947864324_00-1920x1920_MSZWJ4_LULY8I.png,https://agf88holding-cdn.thron.com/static/XLC58D_VARIANT_1086432_001__8032947864324_03-1920x1920_IAMU05_PIBH45.jpeg,composita: astuccio + ciocca nuance ufficiale,sicuro,"variante 1086432, EAN 8032947864324, pagina: Color Keratin - Naturali COLOR KERATIN, nuance 10.0"
FAN86433,FAN86433.webp,https://agf88holding-cdn.thron.com/static/EDTIJI_MASTER_9500371__8032947864331_00-1920x1920_YJ3553_BTFEPW.png,https://agf88holding-cdn.thron.com/static/KP6NHS_VARIANT_1086433_001__8032947864331_03-1920x1920_IXB9R1_Y28S7U.jpeg,composita: astuccio + ciocca nuance ufficiale (astuccio di linea),sicuro,"variante 1086433, EAN 8032947864331, pagina: Color Keratin - Viola COLOR KERATIN, nuance 4.2"
FAN86463,FAN86463.webp,https://agf88holding-cdn.thron.com/static/SVM6ER_MASTER_9500374__8032947864614_00-1920x1920_I4G1YM_ZC41KE.png,https://agf88holding-cdn.thron.com/static/8WDU69_VARIANT_1086463_001__8032947864638_03-1920x1920_NUP6N5_3NKZQ1.jpeg,composita: astuccio + ciocca nuance ufficiale (astuccio di linea),sicuro,"variante 1086463, EAN 8032947864638, pagina: Color Keratin - Irisè COLOR KERATIN, nuance 11.7"
FAN96358,FAN96358.webp,https://agf88holding-cdn.thron.com/static/KGBC5H_MASTER_9500279__8032947863587_00-1920x1920_9OR1I7_GRZ3W8.png,https://agf88holding-cdn.thron.com/static/CJCXGN_VARIANT_1096358_002__8032947863587_03-1920x1920_50Z7UH_Y1P0H0.jpeg,composita: astuccio + ciocca nuance ufficiale (astuccio di linea),sicuro,"variante 1096358, EAN 8032947863587, pagina: Fanola Color - Viola fantasia FANOLA COLOR, nuance 8.2f"
