SKU,Name
FAN96358,CREMA COLORE CAPELLI 100 ML 8.2F BIONDO CHIARO VIOLA FANTASIA
FAN86463,CREMA COLORE CAPELLI SENZA AMMONIACA ORO THERAPY 100 ML 11.7 SUPERSCHIARENTE MARRONE
FAN86433,CREMA COLORE CAPELLI SENZA AMMONIACA ORO THERAPY 100 ML 4.2 CASTANO VIOLA
FAN86432,CREMA COLORE CAPELLI SENZA AMMONIACA ORO THERAPY 100 ML 10.0 BIONDO PLATINO
FAN86324,CREMA COLORE CAPELLI 100 ML 12.2 SUPERSCHIARENTE PLATINO VIOLA
FAN86304,CREMA COLORE CAPELLI 100 ML 7.11 BIONDO CENERE INTENSO
FAN86064,CREMA COLORE CAPELLI 100 ML 11.13 SUPERSCHIARENTE BEIGE
FAN86063,CREMA COLORE CAPELLI 100 ML 11.1 SUPERSCHIARENTE CENERE
FAN86060,CREMA COLORE CAPELLI 100 ML 6.6 BIONDO SCURO ROSSO
FAN86048,CREMA COLORE CAPELLI 100 ML 7.43 BIONDO RAME DORATO
FAN86007,CREMA COLORE CAPELLI 100 ML 8.0 BIONDO CHIARO
FAN86005,CREMA COLORE CAPELLI 100 ML 6.0 BIONDO SCURO
MD06BE0181,CREMA COLORE CAPELLI 100 ML 5.5 CASTANO CHIARO MOGANO
FAN96362,CREMA COLORE CAPELLI 100 ML 10.2F BIONDO PLATINO VIOLA FANTASIA
FAN96361,CREMA COLORE CAPELLI 100 ML 9.2F BIONDO CHIARISSIMO VIOLA FANTASIA
FAN86812,CREMA COLORE CAPELLI SENZA AMMONIACA ORO THERAPY 100 ML 6.5 BIONDO SCURO MOGANO
FAN86806,CREMA COLORE CAPELLI SENZA AMMONIACA ORO THERAPY 100 ML 8.00 BIONDO CHIARO NATURALE INTENSO
FAN86805,CREMA COLORE CAPELLI SENZA AMMONIACA ORO THERAPY 100 ML 7.00 BIONDO NATURALE INTENSO
FAN86803,CREMA COLORE CAPELLI SENZA AMMONIACA ORO THERAPY 100 ML 5.00 CASTANO CHIARO NATURALE INTENSO
FAN86706,CREMA COLORE CAPELLI 100 ML 5.00 CASTANO CHIARO NATURALE INTENSO
FAN86608,CREMA COLORE CAPELLI SENZA AMMONIACA ORO THERAPY 100 ML CORRETTORE ROSSO
FAN86605,CREMA COLORE CAPELLI SENZA AMMONIACA ORO THERAPY 100 ML 7.14 BIONDO CIOCCOLATO
FAN86503,CREMA COLORE CAPELLI SENZA AMMONIACA ORO THERAPY 100 ML 8.13 BIONDO CHIARO BEIGE
FAN86502,CREMA COLORE CAPELLI SENZA AMMONIACA ORO THERAPY 100 ML 7.13 BIONDO BEIGE
FAN86501,CREMA COLORE CAPELLI SENZA AMMONIACA ORO THERAPY 100 ML 6.13 BIONDO SCURO BEIGE
FAN86467,OSSIGENO ORO THERAPY 10 VOL
FAN86462,CREMA COLORE CAPELLI SENZA AMMONIACA ORO THERAPY 100 ML 11.1 SUPERSCHIARENTE CENERE
FAN86458,CREMA COLORE CAPELLI SENZA AMMONIACA ORO THERAPY 100 ML 10.1 BIONDO PLATINO CENERE
FAN86456,CREMA COLORE CAPELLI SENZA AMMONIACA ORO THERAPY 100 ML 6.6 BIONDO SCURO ROSSO
FAN86454,CREMA COLORE CAPELLI SENZA AMMONIACA ORO THERAPY 100 ML 5.5 CASTANO CHIARO MOGANO
FAN86453,CREMA COLORE CAPELLI SENZA AMMONIACA ORO THERAPY 100 ML 4.5 CASTANO MOGANO
FAN86452,CREMA COLORE CAPELLI SENZA AMMONIACA ORO THERAPY 100 ML 7.4 BIONDO RAME
FAN86449,CREMA COLORE CAPELLI SENZA AMMONIACA ORO THERAPY 100 ML 9.3 BIONDO CHIARISSIMO DORATO
FAN86448,CREMA COLORE CAPELLI SENZA AMMONIACA ORO THERAPY 100 ML 8.3 BIONDO CHIARO DORATO
FAN86446,CREMA COLORE CAPELLI SENZA AMMONIACA ORO THERAPY 100 ML 6.3 BIONDO SCURO DORATO
FAN86444,CREMA COLORE CAPELLI SENZA AMMONIACA ORO THERAPY 100 ML 6.14 BIONDO SCURO CIOCCOLATO
FAN86440,CREMA COLORE CAPELLI SENZA AMMONIACA ORO THERAPY 100 ML 9.1 BIONDO CHIARISSIMO CENERE
FAN86439,CREMA COLORE CAPELLI SENZA AMMONIACA ORO THERAPY 100 ML 8.1 BIONDO CHIARO CENERE
FAN86438,CREMA COLORE CAPELLI SENZA AMMONIACA ORO THERAPY 100 ML 7.1 BIONDO CENERE
FAN86436,CREMA COLORE CAPELLI SENZA AMMONIACA ORO THERAPY 100 ML 5.1 CASTANO CHIARO CENERE
FAN86434,CREMA COLORE CAPELLI SENZA AMMONIACA ORO THERAPY 100 ML 5.2 CASTANO CHIARO VIOLA
FAN86431,CREMA COLORE CAPELLI SENZA AMMONIACA ORO THERAPY 100 ML 9.0 BIONDO CHIARISSIMO
FAN86430,CREMA COLORE CAPELLI SENZA AMMONIACA ORO THERAPY 100 ML 8.0 BIONDO CHIARO
FAN86426,CREMA COLORE CAPELLI SENZA AMMONIACA ORO THERAPY 100 ML 4.0 CASTANO
FAN86425,CREMA COLORE CAPELLI SENZA AMMONIACA ORO THERAPY 100 ML 3.0 CASTANO SCURO
FAN86353,CREMA COLORE CAPELLI SENZA AMMONIACA ORO THERAPY 100 ML 6.31 BIONDO SCURO
FAN86326,CREMA COLORE CAPELLI 100 ML 12.7 SUPERSCHIARENTE PLATINO MARRONE
FAN86309,CREMA COLORE CAPELLI 100 ML 5.22 CASTANO CHIARO VIOLA INTENSO
FAN86305,CREMA COLORE CAPELLI 100 ML 8.11 BIONDO CHIARO CENERE INTENSO
FAN86175,CREMA COLORE CAPELLI SENZA AMMONIACA ORO THERAPY 100 ML 7.34 BIONDO DORATO RAME
FAN86173,CREMA COLORE CAPELLI SENZA AMMONIACA ORO THERAPY 100 ML 6.34 BIONDO SCURO DORATO RAME
FAN86162,OSSIGENO 20 VOL
FAN86161,OSSIGENO 10 VOL
FAN86083,CREMA COLORE CAPELLI 100 ML 4.6 CASTANO ROSSO
FAN86080,CREMA COLORE CAPELLI 100 ML 10.3 BIONDO PLATINO DORATO
FAN86078,CREMA COLORE CAPELLI 100 ML 10.14 BIONDO PLATINO CIOCCOLATO
FAN86075,CREMA COLORE CAPELLI 100 ML 10.1 BIONDO PLATINO CENERE
FAN86074,CREMA COLORE CAPELLI 100 ML 5.1 CASTANO CHIARO CENERE
FAN86069,CORRETTORE GIALLO FANOLA 100 ML
FAN86066,CORRETTORE NEUTRO FANOLA 100 ML
FAN86062,CREMA COLORE CAPELLI 100 ML 11.0 SUPERSCHIARENTE
FAN86055,CREMA COLORE CAPELLI 100 ML 4.5 CASTANO MOGANO
FAN86047,CREMA COLORE CAPELLI 100 ML 6.43 BIONDO SCURO RAME DORATO
FAN86034,CREMA COLORE CAPELLI 100 ML 5.3 CASTANO CHIARO DORATO
FAN86027,CREMA COLORE CAPELLI 100 ML 4.14 CASTANO CIOCCOLATO
FAN86018,CREMA COLORE CAPELLI 100 ML 1.10 NERO BLU
FAN86014,CREMA COLORE CAPELLI 100 ML 9.03 BIONDO CHIARISSIMO CALDO
FAN86010,CREMA COLORE CAPELLI 100 ML 5.03 CASTANO CHIARO CALDO
FAN86009,CREMA COLORE CAPELLI 100 ML 4.03 CASTANO CALDO
FAN86004,CREMA COLORE CAPELLI 100 ML 5.0 CASTANO CHIARO
FAN86003,CREMA COLORE CAPELLI 100 ML 4.0 CASTANO
FAN86002,CREMA COLORE CAPELLI 100 ML 3.0 CASTANO SCURO
FAN86001,CREMA COLORE CAPELLI 100 ML 1.0 NERO
FAN83710,CREMA COLORE CAPELLI 100 ML 9.00 BIONDO CHIARISSIMO NATURALE INTENSO
FAN1096813,CREMA COLORE CAPELLI SENZA AMMONIACA ORO THERAPY 100 ML 10.21 BIONDO PLATINO VIOLA CENERE
FAN86317,CREMA COLORE CAPELLI 100 ML 7.66 BIONDO ROSSO INTENSO
FAN86810,CREMA COLORE CAPELLI 100 ML 8.14 BIONDO CHIARO CIOCCOLATO
FAN1096802,CREMA COLORE CAPELLI SENZA AMMONIACA ORO THERAPY 100 ML 9.21 BIONDO CHIARISSIMO VIOLA CENERE
FAN86160,"ATTIVATORE 3,5 VOL"
FAN86081,CREMA COLORE CAPELLI 100 ML 11.2 SUPER BIONDO PLATINO PERLA
FAN86313,CREMA COLORE CAPELLI 100 ML 7.29 BIONDO CIOCCOLATO
FAN86012,CREMA COLORE CAPELLI 100 ML 7.03 BIONDO CALDO
FAN86024,CREMA COLORE CAPELLI 100 ML 7.13 BIONDO BEIGE
FAN86311,CREMA COLORE CAPELLI 100 ML 5.29 CASTANO CHIARO CIOCCOLATO
FAN86035,CREMA COLORE CAPELLI 100 ML 6.3 BIONDO SCURO DORATO
FAN86068,CORRETTORE BLU FANOLA 100 ML
FAN86051,CREMA COLORE CAPELLI 100 ML 7.44 BIONDO RAME INTENSO
FAN86708,CREMA COLORE CAPELLI 100 ML 7.00 BIONDO NATURALE INTENSO
FAN86056,CREMA COLORE CAPELLI 100 ML 5.5 CASTANO CHIARO MOGANO
FAN86042,CREMA COLORE CAPELLI 100 ML 5.4 CASTANO CHIARO RAME
FAN86443,CREMA COLORE CAPELLI SENZA AMMONIACA ORO THERAPY 100 ML 5.14 CASTANO CHIARO CIOCCOLATO
FAN86029,CREMA COLORE CAPELLI 100 ML 6.14 BIONDO SCURO CIOCCOLATO
FAN86044,CREMA COLORE CAPELLI 100 ML 7.4 BIONDO RAME
FAN86038,CREMA COLORE CAPELLI 100 ML 9.3 BIONDO CHIARISSIMO DORATO
FAN86077,CREMA COLORE CAPELLI 100 ML 9.14 BIONDO CHIARISSIMO CIOCCOLATO
FAN86021,CREMA COLORE CAPELLI 100 ML 8.1 BIONDO CHIARO CENERE
FAN86059,CREMA COLORE CAPELLI 100 ML 5.6 CASTANO CHIARO ROSSO
FAN86424,CREMA COLORE CAPELLI SENZA AMMONIACA ORO THERAPY 100 ML 1.0 NERO
FAN86008,CREMA COLORE CAPELLI 100 ML 9.0 BIONDO CHIARISSIMO
FAN86016,CREMA COLORE CAPELLI 100 ML 7.04 BIONDO NATURALE RAME
FAN86804,CREMA COLORE CAPELLI SENZA AMMONIACA ORO THERAPY 100 ML 8.00 BIONDO CHIARO NATURALE INTENSO
FAN86061,CREMA COLORE CAPELLI 100 ML 7.6 BIONDO ROSSO
FAN86429,CREMA COLORE CAPELLI SENZA AMMONIACA ORO THERAPY 100 ML 7.0 BIONDO
FAN86053,CREMA COLORE CAPELLI 100 ML 5.46 CASTANO CHIARO RAME ROSSO
FAN86028,CREMA COLORE CAPELLI 100 ML 5.14 CASTANO CHIARO CIOCCOLATO
FAN86023,CREMA COLORE CAPELLI 100 ML 6.13 BIONDO SCURO BEIGE
FAN86073,CREMA COLORE CAPELLI 100 ML 9.04 BIONDO CHIARISSIMO NATURALE RAME
FAN86057,CREMA COLORE CAPELLI 100 ML 6.5 BIONDO SCURO MOGANO
FAN86039,CREMA COLORE CAPELLI 100 ML 6.34 BIONDO SCURO DORATO RAME
FAN86709,CREMA COLORE CAPELLI 100 ML 9.00 BIONDO CHIARISSIMO NATURALE INTENSO
FAN86445,CREMA COLORE CAPELLI SENZA AMMONIACA ORO THERAPY 100 ML 5.3 CASTANO CHIARO DORATO
FAN86082,CREMA COLORE CAPELLI 100 ML 11.7 SUPERSCHIARENTE MARRONE
FAN86041,CREMA COLORE CAPELLI 100 ML 8.34 BIONDO CHIARO DORATO RAME
FAN86045,CREMA COLORE CAPELLI 100 ML 8.4 BIONDO CHIARO RAME
FAN86610,CREMA COLORE CAPELLI SENZA AMMONIACA ORO THERAPY 100 ML CORRETTORE VIOLA
FAN86026,CREMA COLORE CAPELLI 100 ML 9.13 BIONDO CHIARISSIMO BEIGE
FAN86315,CREMA COLORE CAPELLI 100 ML 5.66 CASTANO CHIARO ROSSO INTENSO
FAN86019,CREMA COLORE CAPELLI 100 ML 6.1 BIONDO SCURO CENERE
FAN86033,CREMA COLORE CAPELLI 100 ML 5.2 CASTANO CHIARO VIOLA
FAN86079,CREMA COLORE CAPELLI 100 ML 6.2 BIONDO SCURO VIOLA
FAN86470,OSSIGENO ORO THERAPY 40 VOL
FAN86054,CREMA COLORE CAPELLI 100 ML 6.46 BIONDO SCURO RAME ROSSO
FAN86025,CREMA COLORE CAPELLI 100 ML 8.13 BIONDO CHIARO BEIGE
FAN86427,CREMA COLORE CAPELLI 100 ML 5.0 CASTANO CHIARO
FAN86437,CREMA COLORE CAPELLI SENZA AMMONIACA ORO THERAPY 100 ML 6.1 BIONDO SCURO CENERE
FAN86040,CREMA COLORE CAPELLI 100 ML 7.34 BIONDO DORATO RAME
FAN86071,CREMA COLORE CAPELLI 100 ML 10.0 BIONDO PLATINO
FAN1076150,CREMA COLORE CAPELLI 100 ML 10MINUTI 6.6 BIONDO SCURO ROSSO
FAN86306,CREMA COLORE CAPELLI 100 ML 9.11 BIONDO CHIARISSIMO CENERE INTENSO
FAN86043,CREMA COLORE CAPELLI 100 ML 6.4 BIONDO SCURO RAME
FAN86049,CREMA COLORE CAPELLI 100 ML 8.43 BIONDO CHIARO RAME DORATO
FAN86011,CREMA COLORE CAPELLI 100 ML 6.03 BIONDO SCURO CALDO
FAN86705,CREMA COLORE CAPELLI 100 ML 4.00 CASTANO NATURALE INTENSO
FAN86469,OSSIGENO ORO THERAPY 30 VOL
FAN86316,CREMA COLORE CAPELLI 100 ML 6.66 BIONDO SCURO ROSSO INTENSO
FAN86468,OSSIGENO ORO THERAPY 20 VOL
FAN86307,CREMA COLORE CAPELLI 100 ML 10.11 BIONDO PLATINO CENERE INTENSO
FAN1076152,CREMA COLORE CAPELLI 100 ML 10MINUTI 7.7 BIONDO MARRONE
FAN1076151,CREMA COLORE CAPELLI 100 ML 10MINUTI 5.7 CASTANO CHIARO MARRONE
FAN1076149,CREMA COLORE CAPELLI 100 ML 10MINUTI 5.2 CASTANO CHIARO VIOLA
FAN1076148,CREMA COLORE CAPELLI 100 ML 10MINUTI 4.5 CASTANO MOGANO
FAN1076147,CREMA COLORE CAPELLI 100 ML 10MINUTI 7.4 BIONDO RAME
FAN1076146,CREMA COLORE CAPELLI 100 ML 10MINUTI 5.4 CASTANO CHIARO RAME
FAN1076145,CREMA COLORE CAPELLI 100 ML 10MINUTI 8.3 BIONDO CHIARO DORATO
FAN1076144,CREMA COLORE CAPELLI 100 ML 10MINUTI 6.3 BIONDO SCURO DORATO
FAN1076143,CREMA COLORE CAPELLI 100 ML 10MINUTI 6.71 BIONDO SCURO MARRONE FREDDO
FAN1076142,CREMA COLORE CAPELLI 100 ML 10MINUTI 4.71 CASTANO MARRONE FREDDO
FAN1076141,CREMA COLORE CAPELLI 100 ML 10MINUTI 8.01 BIONDO CHIARO NATURALE CENERE
FAN1076140,CREMA COLORE CAPELLI 100 ML 10MINUTI 6.01 BIONDO SCURO NATURALE CENERE
FAN1076139,CREMA COLORE CAPELLI 100 ML 10MINUTI 10.0 BIONDO PLATINO
FAN1076138,CREMA COLORE CAPELLI 100 ML 10MINUTI 9.0 BIONDO CHIARISSIMO
FAN1076137,CREMA COLORE CAPELLI 100 ML 10MINUTI 8.0 BIONDO CHIARO
FAN1076136,CREMA COLORE CAPELLI 100 ML 10MINUTI 7.0 BIONDO
FAN1076135,CREMA COLORE CAPELLI 100 ML 10MINUTI 6.0 BIONDO SCURO
FAN1076134,CREMA COLORE CAPELLI 100 ML 10MINUTI 5.0 CASTANO CHIARO
FAN1076133,CREMA COLORE CAPELLI 100 ML 10MINUTI 4.0 CASTANO
FAN1076132,CREMA COLORE CAPELLI 100 ML 10MINUTI 3.0 CASTANO SCURO
FAN1076131,CREMA COLORE CAPELLI 100 ML 10MINUTI 1.0 NERO
