SKU,PRODOTTO,AZIONE_MANUALE
FAN96629,No Yellow Color Toner S.1322,"Rimuovere dalla scheda la frase errata ""CREMA COLORE 11.1 BIONDO PLATINO CENERE FANOLA"""
FAN96626,DA ELIMINARE,Foto sbagliata: eliminare la scheda
FAN86017,DA ELIMINARE,Da cancellare (8.04 fuori catalogo)
FAN86164,Acqua ossigenata profumata,Volume non indicato (immagine 40 vol): confermare i volumi
FAN86160,"Attivatore 3,5","Impostato ""ATTIVATORE 3,5 VOL"": confermare se Oro Therapy o normale"
FAN86326,Superschiarente/Color Zoom 12.7,Immagine astuccio Color Zoom ma titolo Fanola Color: confermare la linea
ID1500.100,Cera Titanio Rosa 350ml,NON e confezione doppia: e singola. Serve foto a risoluzione piu alta (attuale dal catalogo PDF)
FAN1076082,Ossidante Viola Antigiallo 5 vol,Fuori schema 10/20/30/40: titolo lasciato invariato
FAN1076083,Ossidante Viola Antigiallo 25 vol,Fuori schema 10/20/30/40: titolo lasciato invariato
