ID,Categorie
741,Pulizia e Igiene
742,Pulizia e Igiene
743,Linea Beauty
744,Linea Beauty
745,Linea Beauty
746,Linea Beauty
747,Linea Beauty
748,Linea Beauty
749,Linea Beauty
750,Linea Beauty
751,Linea Beauty
752,Linea Beauty
753,Linea Beauty
754,Linea Beauty
755,Linea Beauty
756,Linea Beauty
757,Linea Beauty
758,Linea Beauty
759,Linea Beauty
760,Linea Beauty
761,Linea Beauty
762,Linea Beauty
763,Linea Beauty
764,Linea Beauty
765,Linea Beauty
766,Linea Beauty
767,Linea Beauty
768,Dispositivi di Protezione
769,Dispositivi di Protezione
770,Dispositivi di Protezione
771,Articoli Monouso e Indumenti
772,Dispositivi di Protezione
773,Dispositivi di Protezione
1060,Linea Beauty
1061,Linea Beauty
1062,Linea Beauty
1063,Linea Beauty
1064,Linea Beauty
1065,Linea Beauty
1066,Linea Beauty
1067,Linea Beauty
1068,Linea Beauty
1069,Linea Beauty
1070,Linea Beauty
1071,Linea Beauty
1072,Linea Beauty
1073,Linea Beauty
1074,Linea Beauty
1075,Linea Beauty
1076,Linea Beauty
1077,Linea Beauty
1078,Linea Beauty
1079,Linea Beauty
1080,Linea Beauty
1081,Linea Beauty
1082,Linea Beauty
1083,Linea Beauty
1084,Linea Beauty
1085,Linea Beauty
1086,Linea Beauty
1087,Linea Beauty
1088,Linea Beauty
1089,Linea Beauty
1090,Linea Beauty
1091,Linea Beauty
1092,Linea Beauty
1093,Linea Beauty
1094,Linea Beauty
1095,Linea Beauty
1096,Linea Beauty
1097,Linea Beauty
1098,Linea Beauty
1099,Linea Beauty
1100,Linea Beauty
1101,Linea Beauty
1102,Linea Beauty
1103,Linea Beauty
1104,Linea Beauty
1105,Linea Beauty
1459,Linea Beauty
1460,Linea Beauty
1461,Linea Beauty
1462,Linea Beauty
1463,Linea Beauty
1464,Linea Beauty
1465,Linea Beauty
1466,Linea Beauty
1467,Linea Beauty
1468,Linea Beauty
1469,Linea Beauty
1470,Linea Beauty
1471,Linea Beauty
1472,Linea Beauty
1473,Linea Beauty
1475,Linea Beauty
1476,Linea Beauty
1477,Linea Beauty
1479,Linea Beauty
1480,Linea Beauty
1481,Linea Beauty
1482,Linea Beauty
1483,Linea Beauty
1484,Linea Beauty
1485,Linea Beauty
1486,Linea Beauty
1487,Linea Beauty
1488,Linea Beauty
1620,Linea Beauty
1621,Linea Beauty
1622,Linea Beauty
1623,Linea Beauty
1624,Linea Beauty
1625,Linea Beauty
1626,Linea Beauty
1627,Linea Beauty
1628,Linea Beauty
1629,Linea Beauty
1630,Linea Beauty
1631,Linea Beauty
1632,Linea Beauty
1633,Linea Beauty
1634,Linea Beauty
1635,Linea Beauty
1636,Linea Beauty
1637,Linea Beauty
1638,Linea Beauty
1639,Linea Beauty
1640,Linea Beauty
1641,Linea Beauty
1642,Linea Beauty
1643,Linea Beauty
1644,Linea Beauty
1645,Linea Beauty
1646,Linea Beauty
1647,Accessori e Strumenti
1648,Linea Beauty
1649,Linea Beauty
1650,Linea Beauty
1651,Linea Beauty
1652,Pulizia e Igiene
1653,Linea Beauty
1654,Linea Beauty
1655,Linea Beauty
1656,Linea Beauty
1657,Linea Beauty
1658,Linea Beauty
1659,Linea Beauty
1660,Linea Beauty
1661,Linea Beauty
1662,Articoli Monouso e Indumenti
1663,Linea Beauty
1664,Linea Beauty
1665,Linea Beauty
1666,Accessori e Strumenti
1667,Linea Beauty
1669,Linea Beauty
1670,Linea Beauty
1671,Linea Beauty
1672,Linea Beauty
1673,Linea Beauty
1674,Linea Beauty
1675,Accessori e Strumenti
1676,Linea Beauty
1677,Linea Beauty
1678,Linea Beauty
1679,Linea Beauty
1680,Linea Beauty
1681,Carta e TNT
1682,Linea Beauty
1683,Linea Beauty
1684,Linea Beauty
1685,Linea Beauty
1686,Linea Beauty
1687,Linea Beauty
1688,Linea Beauty
1689,Linea Beauty
1690,Pulizia e Igiene
1691,Linea Beauty
1692,Pulizia e Igiene
1693,Linea Beauty
1694,Linea Beauty
1695,Linea Beauty
1696,Linea Beauty
1697,Articoli Monouso e Indumenti
1698,Linea Beauty
1699,Linea Beauty
1700,Linea Beauty
1701,Carta e TNT
1702,Accessori e Strumenti
1703,Linea Beauty
1704,Linea Beauty
1705,Linea Beauty
1706,Linea Beauty
1707,Linea Beauty
1708,Linea Beauty
1709,Pulizia e Igiene
1710,Accessori e Strumenti
1711,Linea Beauty
1712,Pulizia e Igiene
1713,Linea Beauty
1835,Pulizia e Igiene
1836,Carta e TNT
1837,Accessori e Strumenti
1838,Accessori e Strumenti
1839,Carta e TNT
1840,Linea Beauty
1841,Linea Beauty
1842,Linea Beauty
1843,Linea Beauty
1844,Linea Beauty
1845,Linea Beauty
1846,Linea Beauty
1847,Linea Beauty
1848,Linea Beauty
1849,Linea Beauty
1850,Linea Beauty
1851,Linea Beauty
1852,Linea Beauty
1853,Linea Beauty
1854,Linea Beauty
1855,Linea Beauty
1856,Linea Beauty
1857,Linea Beauty
1858,Linea Beauty
1859,Linea Beauty
1860,Linea Beauty
1861,Linea Beauty
1862,Linea Beauty
1863,Linea Beauty
1864,Linea Beauty
1865,Linea Beauty
1866,Linea Beauty
1867,Linea Beauty
1868,Linea Beauty
1869,Linea Beauty
1870,Linea Beauty
1871,Linea Beauty
1872,Linea Beauty
1873,Linea Beauty
1874,Linea Beauty
1875,Linea Beauty
1876,Linea Beauty
1877,Linea Beauty
1878,Linea Beauty
1879,Linea Beauty
1880,Linea Beauty
1881,Linea Beauty
1882,Linea Beauty
1883,Linea Beauty
1884,Linea Beauty
1885,Linea Beauty
1886,Linea Beauty
1887,Linea Beauty
1888,Linea Beauty
1889,Linea Beauty
1890,Linea Beauty
1891,Linea Beauty
1892,Linea Beauty
1893,Linea Beauty
1894,Linea Beauty
1895,Linea Beauty
1896,Linea Beauty
1897,Linea Beauty
1898,Linea Beauty
1899,Linea Beauty
1900,Linea Beauty
1901,Linea Beauty
1902,Linea Beauty
1903,Linea Beauty
1904,Linea Beauty
1905,Linea Beauty
1906,Linea Beauty
1907,Linea Beauty
1908,Linea Beauty
1909,Linea Beauty
1910,Linea Beauty
1911,Linea Beauty
1912,Linea Beauty
1913,Linea Beauty
1914,Linea Beauty
1915,Linea Beauty
1916,Linea Beauty
1917,Linea Beauty
1918,Linea Beauty
1919,Linea Beauty
1920,Pulizia e Igiene
1921,Linea Beauty
1922,Accessori e Strumenti
1923,Linea Beauty
1924,Linea Beauty
1925,Accessori e Strumenti
1926,Linea Beauty
1927,Accessori e Strumenti
1928,Accessori e Strumenti
1929,Linea Beauty
1930,Linea Beauty
1931,Dispositivi di Protezione
1932,Pulizia e Igiene
1933,Linea Beauty
1934,Accessori e Strumenti
1935,Accessori e Strumenti
1936,Accessori e Strumenti
1937,Pulizia e Igiene
1938,Linea Beauty
1939,Pulizia e Igiene
1940,Pulizia e Igiene
1941,Pulizia e Igiene
1942,Pulizia e Igiene
1943,Pulizia e Igiene
1944,Pulizia e Igiene
1945,Pulizia e Igiene
1946,Accessori e Strumenti
1947,Linea Beauty
1948,Articoli Monouso e Indumenti
1949,Articoli Monouso e Indumenti
1950,Articoli Monouso e Indumenti
1951,Articoli Monouso e Indumenti
1952,Articoli Monouso e Indumenti
1955,Linea Beauty
1956,Linea Beauty
1957,Linea Beauty
1958,Linea Beauty
1959,Linea Beauty
1960,Linea Beauty
1961,Linea Beauty
1962,Linea Beauty
1963,Linea Beauty
1964,Linea Beauty
1965,Linea Beauty
1966,Linea Beauty
1967,Linea Beauty
1968,Linea Beauty
1969,Pulizia e Igiene
