ID,Nome
1652,Salviette Xgerm Disinfettanti per le Mani - Busta da 20 Salviette
1647,RICARICA RULLO MICROMICA 100ML
1700,CERA DEPILATORIA LIPOSOLUBILE TITANIUM - BARATTOLO DA 400 ML
1482,CERETTA DEPILATORIA LIPOSOLUBILE MICROMICA 400 ML
1702,Xanitalia Pro Il Multidirezionale Cocco Perfect Touch Film Cera - 1000 Gr
1710,Xanitalia Pro Il Multidirezionale Mango Perfect Touch Film Cera - Sacchetto 1000 Gr
768,Generico Guanto in Nitrile Essential 533 - Scatola da 100 Guanti
769,Generico Guanto in Nitrile Essential 533 - Scatola da 100 Guanti
770,Generico Guanto in Nitrile Essential 533 - Scatola da 100 Guanti
1949,Piatto Liscio Diam. 22 cm in Polpa di Cellulosa Biodegradabile e Compostabile - Conf. 50 Piatti
1952,BIS DI POSATE BIANCHE IMBUSTATE CON TOVAGLIOLI 2 VELI - BIODEGRADABILI E COMPOSTABILI
