SKU,NOME,ASIN,URL_AMAZON
FAN1076617,Fanola Wonder Volume Shampoo 350ml - shampoo volumizzante,0514HJLT3VK,https://www.amazon.it/dp/B0DPJL3KB3
AMU419628,DISINFETTANTE SGRASSATORE USO PROFESSIONALE ATTIVO SUPERFICI SPRAY - FLACONE 750 ML CON SPRUZZINO - REG. 19194 MINSAN,0617FK2BOPF,https://www.amazon.it/dp/B0FDGNQWQF
CC11013602,CARTA FORNO PROFESSIONAL - ROTOLO DA 50 METRI - ALTEZZA 36 CM,0512FGU4CWC,https://www.amazon.it/dp/B0F8BM9WNX
CC17030112,Film rotolo alluminio larghezza cm 30 lunghezza mt 100 con astuccio,0418FM9GWHM,https://www.amazon.it/dp/B01MT6RO9W
CC3530130,PELLICOLA TRASPARENTE - CUKI,0422FW6X4I9,https://www.amazon.it/dp/B086ZNH9ZN
CXC59615,ROTOLONE DI CARTA BLU FOOD 3 VELI 500 STRAPPI CELTEX 59615 - CONFEZIONE 2 ROTOLONI,0508F5E6FHX,https://www.amazon.it/dp/B0F7XV4WXG
FAN1076459,"Fanola FanTouch Curl Passion, Mousse Disciplinante per Capelli Ricci Naturali o Trattati, Azione Fissante per Ricci Morbidi ed Elastici, 300 ml",0109HU0WKYV,https://www.amazon.it/dp/B0CLVMRYVN
FAN1096813,Crema colore permanente per capelli senza ammoniaca 100ml-ORO Therapy (- 10.21 BIONDO PLATINO VIOLA CENERE),0423H6LXE30,https://www.amazon.it/dp/B07GFQ61XJ
FAN83710,"Fanola Crema colorante Colouring Cream 9.00 Biondo Chiaro Intensivo, 100 ml",0424HAF6B5M,https://www.amazon.it/dp/B01E8MDII6
FAN86001,"Fanola Crema Colore, 1.0 Nero, 100 ml",0424HAFEXXX,https://www.amazon.it/dp/B00CGPJ0ZS
FAN86002,FANOLA COLOR NATURALI 3.0,0424HAI4Q7E,https://www.amazon.it/dp/B015RYGG1U
FAN86003,FANOLA TINTURA 4.0 marrone,0424HAI87A3,https://www.amazon.it/dp/B00CGPMAHS
FAN86004,FANOLA TINTURA 5.0,0430H2COGSL,https://www.amazon.it/dp/B00CGPKNX6
FAN86009,"FANOLA - Crema tintura per capelli Fanola, 100 ml, 4.03, marrone medio caldo",0424HADIN06,https://www.amazon.it/dp/B00CGPJTTU
FAN86010,FANOLA COLOR NATURALI CALDI 5.03,0514HJSPUSG,https://www.amazon.it/dp/B00CGPIJNC
FAN86014,"FANOLA 9.03 - Crema colorante per capelli, 100 ml, biondo caldo molto chiaro",0424HAEZNZJ,https://www.amazon.it/dp/B00CGPKLUQ
FAN86018,FANOLA COLOR CENERE 1.10,0424HAENA00,https://www.amazon.it/dp/B00CGPLQ14
FAN86027,FANOLA COLOR MARRONI 4.14,0424HAIGV1Q,https://www.amazon.it/dp/B00CGPKIMM
FAN86034,"FANOLA - Crema tintura per capelli Fanola 100 ml 5.3, marrone chiaro e oro",0424HAIOD8H,https://www.amazon.it/dp/B00CGPKW00
FAN86047,FANOLA TINTURA 6.43,0424HAAI98Z,https://www.amazon.it/dp/B00CGPP0QQ
FAN86055,"Fanola 4.5 Medium Mahogany Brown Hair Coloring Cream, Tinta Castano Mogano, 100 ml",0430H2467RP,https://www.amazon.it/dp/B00CGPSR8Y
FAN86062,FANOLA COLOR SUPERSCHIARENTI 11.0,0424HAHVGTN,https://www.amazon.it/dp/B00CGPJMKQ
FAN86066,FANOLA - Crema per capelli Fanola 100 ml,0424HACABOE,https://www.amazon.it/dp/B00PZ0RQMU
FAN86069,"FANOLA Amarillo Fanola Corrector, per l uso quotidiano, 100 ml",0424HAIRCUS,https://www.amazon.it/dp/B00PZ0R4L8
FAN86072,Fanola Accessori colore - 150 gr,0424HAAJKIT,https://www.amazon.it/dp/B015RYGEBW
FAN86074,FANOLA TINTURA 5.1,0514HJ6U8YH,https://www.amazon.it/dp/B00CGPJI4Q
FAN86075,FANOLA COLOR CENERE 10.1,0424HAHY4ZS,https://www.amazon.it/dp/B00CGPM8T8
FAN86078,FANOLA TINTURA 10.14,0514HJC40WI,https://www.amazon.it/dp/B00CGPQ7BI
FAN86080,FANOLA TINTURA 10.3,0514HJCIXTO,https://www.amazon.it/dp/B00CGPQXMG
FAN86083,FANOLA COLOR ROSSI 4.6,0424HAL2X59,https://www.amazon.it/dp/B00CGPLBC8
FAN86161,"Fanola - Crema ossidante, 10 volumi, 1 L",0205HCLX150,https://www.amazon.it/dp/B00PZ0ZHEO
FAN86162,"Fanola Acqua Ossigenata 1L, 20 Vol. 6%",0328FWAAVXI,https://www.amazon.it/dp/B00PZ0ZC7G
FAN86163,Matrix Trattamenti per la ricrescita dei capelli - 1000 ml,0206HF1VPAE,https://www.amazon.it/dp/B00PZ0Z956
FAN86164,"Fanola Acqua ossigenata profumata, 1000 ml",0205HCJE95E,https://www.amazon.it/dp/B00PZ0Z2K8
FAN86173,"Fanola Oro Therapy 24K Tinta per capelli, 100 ml, colorante permanente per capelli senza ammoniaca, arricchito con cheratina, olio di argan, oro puro micro-attivo, per la massima copertura, perfetta e uniforme, per colori brillanti, intensi, di lunga durata 100mL",0514HKKIV1N,https://www.amazon.it/dp/B01EJZYYEY
FAN86175,FANOLA TINTURA ORO THERAPY COLOR KERATIN SENZA AMMONIACA 7.34,0430H2LYWP6,https://www.amazon.it/dp/B01EK00FAA
FAN86276,FANOLA Smacchiatore 150ml Stain Remover,0514HJLVR0P,https://www.amazon.it/dp/B07JPM4YSV
FAN86296,Fanola WONDER Smooth Extra Care Siero 100 ml,0514HJLYYRD,https://www.amazon.it/dp/B0DZWWGR1N
FAN86305,"Fanola - Crema colorante per capelli, 8.11 biondo chiaro cenere intenso, 100 ml",0424HAFY4VC,https://www.amazon.it/dp/B00PZ0PJAQ
FAN86309,Fanola - Tinta per capelli 100 ml Colore 5.22,0514HJLUQRD,https://www.amazon.it/dp/B07GFNKWQF
FAN86326,FANOLA COLOR SUPERSCHIARENTI 12.7,0514HJZWWMM,https://www.amazon.it/dp/B00PZ0YTDO
FAN86331,FANOLA Maschera Spray Ristrutturante Nutri One 10 Azioni 200ml,0327FSO0WRK,https://www.amazon.it/dp/B08L4GTGND
FAN86353,FANOLA TINTURA ORO THERAPY COLOR KERATIN SENZA AMMONIACA 6.31,0423H6HBCVF,https://www.amazon.it/dp/B01EJYP0YS
FAN86413,Shampoo Fanola KERATERM Cheratina 1000mL 1L - Disciplina anti-contenzione,0327FSIWD5H,https://www.amazon.it/dp/B01DWHQS12
FAN86425,FANOLA TINTURA ORO THERAPY COLOR KERATIN SENZA AMMONIACA 3.0,0331F3P96GK,https://www.amazon.it/dp/B00GIMCYM6
FAN86426,FANOLA TINTURA ORO THERAPY COLOR KERATIN SENZA AMMONIACA 4.0,0423H6HRBJA,https://www.amazon.it/dp/B00GIMD66O
FAN86430,FANOLA TINTURA ORO THERAPY COLOR KERATIN SENZA AMMONIACA 8.0,0331F3LJVEY,https://www.amazon.it/dp/B00GIMD9P2
FAN86431,FANOLA TINTURA ORO THERAPY COLOR KERATIN SENZA AMMONIACA 9.0,0514HKG0FZW,https://www.amazon.it/dp/B00GIMCXO0
FAN86434,FANOLA TINTURA ORO THERAPY COLOR KERATIN SENZA AMMONIACA 5.2,0423H6GKRAB,https://www.amazon.it/dp/B00GIMD1X2
FAN86436,FANOLA TINTURA ORO THERAPY COLOR KERATIN SENZA AMMONIACA 5.1,0423H6GOITK,https://www.amazon.it/dp/B00GIMD3L2
FAN86438,FANOLA TINTURA ORO THERAPY COLOR KERATIN SENZA AMMONIACA 7.1,0423H6EM3Z4,https://www.amazon.it/dp/B00GIMD4MK
FAN86439,FANOLA TINTURA ORO THERAPY COLOR KERATIN SENZA AMMONIACA 8.1,0423H6OT3DY,https://www.amazon.it/dp/B00GIMD5DS
FAN86440,FANOLA TINTURA ORO THERAPY COLOR KERATIN SENZA AMMONIACA 9.1,0423H6L7HHH,https://www.amazon.it/dp/B00GIMDAIS
FAN86444,FANOLA COLOR COLOR KERATIN ORO PURO CIOCCOLATO 6.14,0423H6KU5CA,https://www.amazon.it/dp/B01EJY3ZM2
FAN86446,FANOLA TINTURA ORO THERAPY COLOR KERATIN SENZA AMMONIACA 6.3,0430H2QJ60I,https://www.amazon.it/dp/B01EJYA38Q
FAN86448,FANOLA TINTURA ORO THERAPY COLOR KERATIN SENZA AMMONIACA 8.3,0514HKK46FJ,https://www.amazon.it/dp/B01EJYET9K
FAN86449,FANOLA TINTURA ORO THERAPY COLOR KERATIN SENZA AMMONIACA 9.3,0423H6L5E7D,https://www.amazon.it/dp/B01EJYFKVG
FAN86452,FANOLA TINTURA ORO THERAPY COLOR KERATIN SENZA AMMONIACA 7.4,0423H6EN99N,https://www.amazon.it/dp/B01EJYZ7I2
FAN86453,FANOLA Tintura Oro Therapy Color Keratin Senza Ammoniaca 4.5,0423H6GAXS2,https://www.amazon.it/dp/B01EJZ3440
FAN86454,FANOLA TINTURA ORO THERAPY COLOR KERATIN SENZA AMMONIACA 5.5,0423H6HCW8I,https://www.amazon.it/dp/B01EJZ4CSC
FAN86456,FANOLA TINTURA ORO THERAPY COLOR KERATIN SENZA AMMONIACA 6.6,0423H6HSI3K,https://www.amazon.it/dp/B01EJZ8ZYE
FAN86458,FANOLA TINTURA ORO THERAPY COLOR KERATIN SENZA AMMONIACA 10.1,0423H6HGGYF,https://www.amazon.it/dp/B00GIMDB46
FAN86462,FANOLA TINTURA ORO THERAPY COLOR KERATIN SENZA AMMONIACA 11.1,0514HKKVELM,https://www.amazon.it/dp/B01EJZRGK8
FAN86467,"FANOLA, Oro Puro Therapy Gold Activator - Attivatore, 1l, 3%",0205HCMI289,https://www.amazon.it/dp/B01EZ5RCTW
FAN86501,FANOLA TINTURA ORO THERAPY COLOR KERATIN SENZA AMMONIACA 6.13,0514HJ6SLAT,https://www.amazon.it/dp/B00GIMDFVA
FAN86502,FANOLA TINTURA ORO THERAPY COLOR KERATIN SENZA AMMONIACA 7.13,0430HW8XZ9K,https://www.amazon.it/dp/B00GIMDGPA
FAN86503,FANOLA TINTURA ORO THERAPY COLOR KERATIN SENZA AMMONIACA 8.13,0423H6C38EL,https://www.amazon.it/dp/B01EJXVI8G
FAN86582,FANOLA Keraterm Disciplinante Keraterm Spray Per Capelli - 200 Ml,1223FETAYTP,https://www.amazon.it/dp/B01DWHYOOK
FAN86605,FANOLA COLOR COLOR KERATIN ORO PURO CIOCCOLATO 7.14,0423H6C02GN,https://www.amazon.it/dp/B01EJY4Q52
FAN86608,FANOLA TINTURA ORO THERAPY COLOR KERATIN SENZA AMMONIACA CORRETTORE ROSSO,0514HJKGS87,https://www.amazon.it/dp/B01EK05J2E
FAN86642,"Fanola Botolife Keratin Hyaluronic Acid Botugen Reconstructive Shampoo pH 5.5, 300 Ml",0327FSJKIFQ,https://www.amazon.it/dp/B00M0SLG2G
FAN86643,"FANOLA Reconstructive Shampoo 1000ml Botolife Keratin Hyaluronic Acid Botugen ® Fanola pH 6,5 Ricostruttore con Cheratina e Acido Ialuronico",0327FSGDOR6,https://www.amazon.it/dp/B00O3V0B2Y
FAN86646,FANOLA Botugen Ricostruzione Botolife Filler Per Capelli - 150 Ml,0327FSK4YQ6,https://www.amazon.it/dp/B00NLC92FI
FAN86655,FANOLA P1S PERMANENTE CAPELLI NATURALI GROSSI 500 ml,0514HJ2BVYX,https://www.amazon.it/dp/B01E5D92YM
FAN86656,FANOLA P2 PERMANENTE CAPELLI COLORATI E TRATTATI 500 ml,0514HJZWWN8,https://www.amazon.it/dp/B01E5DVHUE
FAN86682,"Fanola Orotherapy, Shampoo Illuminante Per Tutti I Tipi Di Capelli, 1000 ml",0514HJ27XOO,https://www.amazon.it/dp/B0C6QXBP8H
FAN86683,"Fanola Orotherapy Gold Mask, Maschera Illuminante per Tutti i Tipi di Capelli, 1000 ml",0514HJSWTDV,https://www.amazon.it/dp/B0C1KK45M5
FAN86706,FANOLA TINTURA 5.00,0514HJLOOQB,https://www.amazon.it/dp/B01E8LTYBC
FAN86707,"FANOLA Fanola, Colorazione permanente",0320HBVQJ9C,https://www.amazon.it/dp/B0B9G8BS2N
FAN86803,Fanola Oro Therapy Color cheratina 5.00 100 ml,0430H2LGP1R,https://www.amazon.it/dp/B07DX74PH4
FAN86805,FANOLA TINTURA ORO THERAPY COLOR KERATIN SENZA AMMONIACA 7.00,0423H6O0BNZ,https://www.amazon.it/dp/B01EHPZWAQ
FAN86806,FANOLA COLOR COLOR KERATIN ORO PURO NATURALI INTENSI 8.00,0423H6GDRZJ,https://www.amazon.it/dp/B01EHQ0OCG
FAN86812,FANOLA TINTURA ORO THERAPY COLOR KERATIN SENZA AMMONIACA 6.5,0423H6C1JTT,https://www.amazon.it/dp/B01EJZ5Q32
FAN96361,Fanola Tinte 9.2F Rubio clarísimo violeta fantasía 100 mL - Tinte crema colorante permanente para el cabello pelo - Color uniforme y brillante - PROFESIONAL,0424HABHJVZ,https://www.amazon.it/dp/B01MZ2D4WH
FAN96362,FANOLA Hair Color 100 ML variazione di Fanola Hair Color 2 10.2 F Blonde Platinum Fantasy Violet,0424HAHZVJ6,https://www.amazon.it/dp/B01MZ2D8FR
FAN96628,"ghd Platinum Styler, bianco, 1 unità",0514HKJBFRD,https://www.amazon.it/dp/B07BTC7JGX
ICOM1301,RIVIT MANI EMULSIONE IGIENIZZANTE MANI 100 ML,0513FK56DNZ,https://www.amazon.it/dp/B0F8J5DNWZ
"ID120,021",Idema Latta Cera Zinco 400 ml.,0324FIFDM90,https://www.amazon.it/dp/B086R5C9RH
"ID1500,001",RULLO RICARICA PREMIUM TITANIO 80 ML - CF 6 PZ,0221FXRH18V,https://www.amazon.it/dp/B0DY1MHYKY
"ID1500,100","CERA DEPILATORIA AL TITANIO ROSA 350 ml IN MICROONDE IN 3"" MINUTI SCALDACERA IN 20"" MINUTI PROFESSIONALE",0131FDM40YV,https://www.amazon.it/dp/B01C0QG0NC
"ID180,001","Idema - Basic Line Cera Depilatoria liposolubile professionale ideale per ogni parte del corpo, Giallo Miele, formato da 400 ML",0217FKYP69Y,https://www.amazon.it/dp/B086HPB16D
"ID4441,15",Lama Sgorbia Sterile N° 15 Acciaio Kiepe Professional Manicure Pedicure - Confezione 20 lame (15 mm),0119HOWNLFP,https://www.amazon.it/dp/B0GHNZBC8M
"ID920,209",Pellet di miele di cera pelabile Xanitalia 1000 Grs,0311FENSVB1,https://www.amazon.it/dp/B076DDR2ZS
"ID930,654",Cera Depilatoria Liposolubile Monouso Senza Strisce - Mango - Multidirezionale - Senza Colofonia - 1000 gr,0704F53Q9N6,https://www.amazon.it/dp/B08MTN41B2
ID930.655,"Xanitalia Pro Il Multidirezionale Frutto Della Passione Perfect Touch Film Cera - 1000 Gr, Bianco",0128F7JWYGX,https://www.amazon.it/dp/B08C17YZ9C
ID950.313,REGEA Siero Idratazione Profonda 100ml,0521HCSUNVX,https://www.amazon.it/dp/B07DY9BY2W
ID950.340,Maschera viso lenitiva - olio di germe di grano e vitamina E - anti-rossore maschera facciale - programma Sensitive Skin,0521HCS88S6,https://www.amazon.it/dp/B08KHJFH7P
IEVSP/L,Generico GUANTO IN VINILE ESSENTIAL 511 – TAGLIA S/M/L,0529H9OMYJT,https://www.amazon.it/dp/B0H39F9JMW
ITM1821-S,"Sanitec detergente disinfettante Multi Activ Bagno (6 pezzi) pronto all' uso per superfici ad uso ambientale, 750 ml, Sanitec. alcolico",0415FBNX0XB,https://www.amazon.it/dp/B07HQLVZNR
J7517908,Diversey 7517908 Cif Bagno 2in1,0626FF9LSJ4,https://www.amazon.it/dp/B00BEUQTBO
"KP4441,1",Lama Sgorbia Sterile N° 1 Acciaio Kiepe Professional Manicure Pedicure - Confezione 20 lame (1 mm),0116HGG8HXQ,https://www.amazon.it/dp/B0GH84WRMC
"KP4441,2",Lama Sgorbia Sterile N° 2 Acciaio Kiepe Professional Manicure Pedicure - Confezione 20 lame (2 mm),0119HOIP6SM,https://www.amazon.it/dp/B0GHPHW5PX
"KP4441,6",Lama Sgorbia Sterile N° 6 Acciaio Kiepe Professional Manicure Pedicure - Confezione 20 lame (6 mm),0119HOOXM96,https://www.amazon.it/dp/B0GHNC4TZN
MD0000,Peroxill 2000 Disinfettante Sterilizzante in Polvere - 1kg,0206HF8W3IP,https://www.amazon.it/dp/B07XDZGNWW
MD0145,LENYDERM TUBO DA 150 ML - PASTA SPECIALE ALL'OSSIDO DI ZINCO,0616FGN0Z7Z,https://www.amazon.it/dp/B0FDB8K963
MD01AM0010,Disinfettante liquido concentrato per superfici DECS PURO - Flacone 1.000 ml,0407H8IF4O4,https://www.amazon.it/dp/B0GWF2PTWG
MD0213,BACTISAN SPRAY - SOLUZIONE IDROALCOLICA PRONTA ALL'USO - FLACONE DA 1.000,0715F48DG7M,https://www.amazon.it/dp/B0FHKRC7D1
MD0496,HYGIENBAR CPR WASHING TAB - Detergente Tazzine e Bicchieri per Macchine Automatiche - Confezione da 160 Compresse,0407H8VKPZ9,https://www.amazon.it/dp/B0GWF8YNG9
MD06BE0181,"DERMACLYN - DERMODETERGENTE LIQUIDO PH 5,5 - FLACONE 1.000 ML",0617FK09QA9,https://www.amazon.it/dp/B0FDGP2KYY
MD07AX0401,PULITORE RAPIDO PER FRIGGITRICI FRY COMPRESSE - CONF. DA 25 COMPRESSE,0109HU6W3G3,https://www.amazon.it/dp/B0GFX9NVJY
MD07GA0020,AMEDICS Pastiglie di Cloro CLORHYGIEN Plus Igienizzante clorattivo 333 compresse,0407H8M457O,https://www.amazon.it/dp/B07DFGSMLZ
MDLHSTERUPSG075,STER UP Sgrassatore - Detergente disinfettante a base d sali di ammonio quaternario - Flacone 750 ml,0407H8WTML3,https://www.amazon.it/dp/B0GWFJK4L7
ROCER421,CERA CARTUCCIA TITANIO ROSA 100 ML -  RO,0320F5Y969H,https://www.amazon.it/dp/B0F227TRNV
RODEP539,OLIO POST-EPILAZIONE 1000 ML,0221FXRVDYF,https://www.amazon.it/dp/B0DY1PN3K8
SIGBBC003BIO50BOL,Generico PIATTO FONDO 680 ML IN FIBRA DI CANNA DA ZUCCHERO - COMPOSTABILE E BIODEGRADABILE - CF. 50 PIATTI,0507F25GHNC,https://www.amazon.it/dp/B0F7RLGT9X
SIGBPC003BIO50B,Generico PIATTO LISCIO DIAM. 22 CM IN POLPA DI CELLULOSA BIODEGRADABILE E COMPOSTABILE - CONF. DA 500 PEZZI,0613F8O6ZSZ,https://www.amazon.it/dp/B0FD3W66QH
SM0217/10,"FORCHETTA SIAM QUALITY BIODEGRADABILE E COMPOSTABILE LUNGHEZZA 16,5 CM - CONFEZIONE DA 50 PEZZI",0507F2A5SDW,https://www.amazon.it/dp/B0F7RL5GDX
SM0217/11,"Generico COLTELLI SIAM QUALITY BIODEGRADABILE E COMPOSTABILE LUNGHEZZA 16,5 CM - CONFEZIONE DA 50 PEZZI",0508F50W7JT,https://www.amazon.it/dp/B0F7XM8SMF
VD11705,BIS DI POSATE BIANCHE IMBUSTATE CON TOVAGLIOLI 2 VELI - BIODEGRADABILI E COMPOSTABILI - CONFEZIONE DA 25 PEZZI,0612F47AJEG,https://www.amazon.it/dp/B0FCY3VFG7
FAN86005,Fanola Crema Colore per capelli 6/0 Fanola Crema Colore per capelli 6/0 – 100 ML,0424HAIOMOI,https://www.amazon.it/dp/B00CGPL3R6
FAN86007,"FANOLA - Crema tintura per capelli, 100 ml, 8.0, biondo chiaro",0424HAISKHR,https://www.amazon.it/dp/B00CGPJRIS
FAN86017,"FANOLA 8.04 - Crema colorante per capelli, biondo chiaro naturale, rame, 100 ml",0424HAENNDZ,https://www.amazon.it/dp/B00CGPL9IE
FAN86048,"FANOLA - Crema colorante per capelli, 100 ml, 7.43 biondo rame dorato",0424HAIRR95,https://www.amazon.it/dp/B00CGPL6T6
FAN86060,"Fanola Crema colorante Colouring Cream 6.6 Biondo scuro Rosso, 100 ml",0424HA9IL4U,https://www.amazon.it/dp/B00CGPMABY
FAN86063,FANOLA COLOR SUPERSCHIARENTI 11.1,0424HAAL5DC,https://www.amazon.it/dp/B00CGPIR0C
FAN86064,FANOLA - Crema tintura per capelli Fanola 100 ml 11.13 Super Blond Platino Beige,0424HAAJ0BI,https://www.amazon.it/dp/B00CGPP2IW
FAN86086,D´Shila Plasters and bandages-Protect fingers - 250 gr,0424HAIUK7I,https://www.amazon.it/dp/B00CGPLSH6
FAN86304,Fanola Hair Color 100 ml variante di Fanola Hair Color 2 7.11 biondo medio intenso cenere,0430H1Z1YNL,https://www.amazon.it/dp/B00PZ0P2OE
FAN86324,FANOLA TINTURA 12.2,0514HKK46CV,https://www.amazon.it/dp/B00PZ0QAY0
FAN86432,TINTA ORO COLOR KERATING 100ML 10,0423H6C1ZZ5,https://www.amazon.it/dp/B00GIMCZIY
FAN86433,FANOLA TINTURA ORO THERAPY COLOR KERATIN SENZA AMMONIACA 4.2,0423H6O3JMJ,https://www.amazon.it/dp/B00GIMD0TC
FAN86463,FANOLA TINTURA ORO THERAPY COLOR KERATIN SENZA AMMONIACA 11.7,0423H6I25LO,https://www.amazon.it/dp/B01EJZSOH2
FAN96358,Fanola Tinte 8.2F Rubio claro violeta fantasía 100 mL - Tinte crema colorante permanente para el cabello pelo - Color uniforme y brillante - PROFESIONAL,0424HAAMCM3,https://www.amazon.it/dp/B01N5I01EJ
ITM1540N-S,SANITEC igiene sicura Bakterio Disinfettante per Ambienti al Profumo di Pino Balsamico,0401F76XO2T,https://www.amazon.it/dp/B00NO1R50K
