SKU,Images
FAN1096802,https://overcomsrl.com/wp-content/uploads/2026/07/FAN1096802-v2.webp
FAN86008,https://overcomsrl.com/wp-content/uploads/2026/07/FAN86008-v2.webp
FAN86011,https://overcomsrl.com/wp-content/uploads/2026/07/FAN86011-v2.webp
FAN86012,https://overcomsrl.com/wp-content/uploads/2026/07/FAN86012-v2.webp
FAN86016,https://overcomsrl.com/wp-content/uploads/2026/07/FAN86016-v2.webp
FAN86019,https://overcomsrl.com/wp-content/uploads/2026/07/FAN86019-v2.webp
FAN86021,https://overcomsrl.com/wp-content/uploads/2026/07/FAN86021-v2.webp
FAN86023,https://overcomsrl.com/wp-content/uploads/2026/07/FAN86023-v2.webp
FAN86024,https://overcomsrl.com/wp-content/uploads/2026/07/FAN86024-v2.webp
FAN86025,https://overcomsrl.com/wp-content/uploads/2026/07/FAN86025-v2.webp
FAN86026,https://overcomsrl.com/wp-content/uploads/2026/07/FAN86026-v2.webp
FAN86028,https://overcomsrl.com/wp-content/uploads/2026/07/FAN86028-v2.webp
FAN86029,https://overcomsrl.com/wp-content/uploads/2026/07/FAN86029-v2.webp
FAN86033,https://overcomsrl.com/wp-content/uploads/2026/07/FAN86033-v2.webp
FAN86035,https://overcomsrl.com/wp-content/uploads/2026/07/FAN86035-v2.webp
FAN86038,https://overcomsrl.com/wp-content/uploads/2026/07/FAN86038-v2.webp
FAN86039,https://overcomsrl.com/wp-content/uploads/2026/07/FAN86039-v2.webp
FAN86040,https://overcomsrl.com/wp-content/uploads/2026/07/FAN86040-v2.webp
FAN86041,https://overcomsrl.com/wp-content/uploads/2026/07/FAN86041-v2.webp
FAN86042,https://overcomsrl.com/wp-content/uploads/2026/07/FAN86042-v2.webp
FAN86043,https://overcomsrl.com/wp-content/uploads/2026/07/FAN86043-v2.webp
FAN86044,https://overcomsrl.com/wp-content/uploads/2026/07/FAN86044-v2.webp
FAN86045,https://overcomsrl.com/wp-content/uploads/2026/07/FAN86045-v2.webp
FAN86047,https://overcomsrl.com/wp-content/uploads/2026/07/FAN86047-v2.webp
FAN86049,https://overcomsrl.com/wp-content/uploads/2026/07/FAN86049-v2.webp
FAN86051,https://overcomsrl.com/wp-content/uploads/2026/07/FAN86051-v2.webp
FAN86053,https://overcomsrl.com/wp-content/uploads/2026/07/FAN86053-v2.webp
FAN86054,https://overcomsrl.com/wp-content/uploads/2026/07/FAN86054-v2.webp
FAN86056,https://overcomsrl.com/wp-content/uploads/2026/07/FAN86056-v2.webp
FAN86057,https://overcomsrl.com/wp-content/uploads/2026/07/FAN86057-v2.webp
FAN86059,https://overcomsrl.com/wp-content/uploads/2026/07/FAN86059-v2.webp
FAN86061,https://overcomsrl.com/wp-content/uploads/2026/07/FAN86061-v2.webp
FAN86071,https://overcomsrl.com/wp-content/uploads/2026/07/FAN86071-v2.webp
FAN86073,https://overcomsrl.com/wp-content/uploads/2026/07/FAN86073-v2.webp
FAN86077,https://overcomsrl.com/wp-content/uploads/2026/07/FAN86077-v2.webp
FAN86079,https://overcomsrl.com/wp-content/uploads/2026/07/FAN86079-v2.webp
FAN86081,https://overcomsrl.com/wp-content/uploads/2026/07/FAN86081-v2.webp
FAN86082,https://overcomsrl.com/wp-content/uploads/2026/07/FAN86082-v2.webp
FAN86306,https://overcomsrl.com/wp-content/uploads/2026/07/FAN86306-v2.webp
FAN86307,https://overcomsrl.com/wp-content/uploads/2026/07/FAN86307-v2.webp
FAN86311,https://overcomsrl.com/wp-content/uploads/2026/07/FAN86311-v2.webp
FAN86313,https://overcomsrl.com/wp-content/uploads/2026/07/FAN86313-v2.webp
FAN86315,https://overcomsrl.com/wp-content/uploads/2026/07/FAN86315-v2.webp
FAN86316,https://overcomsrl.com/wp-content/uploads/2026/07/FAN86316-v2.webp
FAN86317,https://overcomsrl.com/wp-content/uploads/2026/07/FAN86317-v2.webp
FAN86424,https://overcomsrl.com/wp-content/uploads/2026/07/FAN86424-v2.webp
FAN86427,https://overcomsrl.com/wp-content/uploads/2026/07/FAN86427-v2.webp
FAN86429,https://overcomsrl.com/wp-content/uploads/2026/07/FAN86429-v2.webp
FAN86437,https://overcomsrl.com/wp-content/uploads/2026/07/FAN86437-v2.webp
FAN86443,https://overcomsrl.com/wp-content/uploads/2026/07/FAN86443-v2.webp
FAN86445,https://overcomsrl.com/wp-content/uploads/2026/07/FAN86445-v2.webp
FAN86610,https://overcomsrl.com/wp-content/uploads/2026/07/FAN86610-v2.webp
FAN86705,https://overcomsrl.com/wp-content/uploads/2026/07/FAN86705-v2.webp
FAN86708,https://overcomsrl.com/wp-content/uploads/2026/07/FAN86708-v2.webp
FAN86709,https://overcomsrl.com/wp-content/uploads/2026/07/FAN86709-v2.webp
FAN86804,https://overcomsrl.com/wp-content/uploads/2026/07/FAN86804-v2.webp
FAN86810,https://overcomsrl.com/wp-content/uploads/2026/07/FAN86810-v2.webp
