SKU,Prezzo di listino,Prezzo in offerta
AMU419631,0,
AMU419720,0,
FAN1076025,0,
FAN1076082,0,
FAN1076083,0,
FAN1076131,0,
FAN1076132,0,
FAN1076133,0,
FAN1076134,0,
FAN1076135,0,
FAN1076136,0,
FAN1076137,0,
FAN1076138,0,
FAN1076139,0,
FAN1076140,0,
FAN1076141,0,
FAN1076142,0,
FAN1076143,0,
FAN1076144,0,
FAN1076145,0,
FAN1076146,0,
FAN1076147,0,
FAN1076148,0,
FAN1076149,0,
FAN1076151,0,
FAN1076152,0,
FAN1076553,0,
IENLL/L,0,
IENLL/M,0,
IENLL/S,0,
MECB614,0,
PH8601,0,
PH9601/NS,0,
FAN1076084,0,
FAN1076086,0,
FAN1076087,0,
FAN1076088,0,
FAN1076089,0,
FAN1076090,0,
FAN1076091,0,
FAN1076092,0,
FAN1076093,0,
FAN1076094,0,
FAN1076103,0,
FAN1076104,0,
FAN1076205,0,
FAN1076206,0,
FAN1076208,0,
FAN1076209,0,
FAN1076244,0,
FAN1076245,0,
FAN1076246,0,
FAN1076247,0,
FAN1076248,0,
FAN1076270,0,
FAN1076271,0,
FAN1076449,0,
FAN1076450,0,
FAN1076451,0,
FAN1076452,0,
FAN1076453,0,
FAN1076454,0,
FAN1076457,0,
FAN1076533,0,
FAN1076534,0,
FAN1076535,0,
FAN1076569,0,
FAN1076570,0,
FAN1076597,0,
FAN1076602,0,
FAN1076617,0,
FAN1076621,0,
FAN1076622,0,
FAN1096888,0,
FAN1096993,0,
FAN1076064,0,
FAN1096994,0,
ID950.356,0,
ID950.383,0,
ID950.334,0,
ID950.320,0,
ID950.315,0,
ID950.303,0,
ID950.314,0,
ID920.300,0,
"ID950,328",0,
FAN86382,0,
FAN1076458,0,
FAN86580,0,
FAN96624,0,
FAN1076258,0,
ID950.309,0,
ID950.311,0,
FAN86307,0,
FAN1076266,0,
ID950.327,0,
FAN86468,0,
FAN86647,0,
FAN86316,0,
FAN86237,0,
"ID180,033",0,
ID950.384,0,
"ID950,322",0,
FAN86469,0,
FAN86705,0,
FAN86011,0,
FAN86049,0,
FAN86043,0,
FAN86306,0,
FAN1076150,0,
FAN86071,0,
FAN86040,0,
FAN86437,0,
FAN86427,0,
FAN86025,0,
FAN86054,0,
FAN86470,0,
FAN86079,0,
FAN86033,0,
FAN86019,0,
FAN86315,0,
FAN86026,0,
FAN86610,0,
FAN86045,0,
FAN86041,0,
FAN86082,0,
FAN86445,0,
FAN86581,0,
FAN86709,0,
FAN86039,0,
FAN86057,0,
FAN86073,0,
FAN86023,0,
ID120017,0,
FAN86235,0,
FAN86028,0,
FAN86053,0,
FAN86429,0,
AMU419841,0,
FAN86061,0,
ID930.111,0,
FAN86644,0,
FAN86238,0,
FAN86804,0,
FAN86334,0,
FAN86016,0,
FAN86008,0,
FAN86424,0,
ID1100.001,0,
FAN86059,0,
FAN86021,0,
FAN86077,0,
"ID1300,021",0,
FAN86038,0,
ICOM1307,0,
FAN86657,0,
FAN86044,0,
FAN86029,0,
FAN86443,0,
FAN86042,0,
ID930.652,0,
FAN86338,0,
"ID1500,104",0,
FAN86090,0,
FAN86056,0,
FAN86708,0,
RODEP536,0,
FAN86051,0,
FAN86068,0,
FAN86687,0,
ID950.349,0,
FAN86035,0,
FAN86645,0,
FAN86311,0,
FAN86024,0,
MD0002,0,
FAN86012,0,
MD04LH0010,0,
ID950.355,0,
FAN86231,0,
FAN86313,0,
FAN86879,0,
ROK462,0,
FAN86081,0,
ID373.615,0,
"ID180,025",0,
CR84570,0,
ID930.653,0,
FAN86160,0,
FAN96629,0,
FAN1096802,0,
FAN86670,0,
FAN86234,0,
FAN86810,0,
MD0210,0,
ID930.654,0,
FAN86317,0,
ITM1541,0,
FAN86232,0,
AMU419628,0,
CC11013602,0,
CC17030112,0,
CC3530130,0,
CXC59615,0,
FAN1076459,0,
FAN1096813,0,
FAN83710,0,
FAN86001,0,
FAN86002,0,
FAN86003,0,
FAN86004,0,
FAN86009,0,
FAN86010,0,
FAN86014,0,
FAN86018,0,
FAN86027,0,
FAN86034,0,
FAN86047,0,
FAN86055,0,
FAN86062,0,
FAN86066,0,
FAN86069,0,
FAN86072,0,
FAN86074,0,
FAN86075,0,
FAN86078,0,
FAN86080,0,
FAN86083,0,
FAN86161,0,
FAN86162,0,
FAN86163,0,
FAN86164,0,
FAN86173,0,
FAN86175,0,
FAN86276,0,
FAN86296,0,
FAN86305,0,
FAN86309,0,
FAN86326,0,
FAN86331,0,
FAN86353,0,
FAN86413,0,
FAN86425,0,
FAN86426,0,
FAN86430,0,
FAN86431,0,
FAN86434,0,
FAN86436,0,
FAN86438,0,
FAN86439,0,
FAN86440,0,
FAN86444,0,
FAN86446,0,
FAN86448,0,
FAN86449,0,
FAN86452,0,
FAN86453,0,
FAN86454,0,
FAN86456,0,
FAN86458,0,
FAN86462,0,
FAN86467,0,
FAN86501,0,
FAN86502,0,
FAN86503,0,
FAN86582,0,
FAN86605,0,
FAN86608,0,
FAN86642,0,
FAN86643,0,
FAN86646,0,
FAN86655,0,
FAN86656,0,
FAN86682,0,
FAN86683,0,
FAN86706,0,
FAN86707,0,
FAN86803,0,
FAN86805,0,
FAN86806,0,
FAN86812,0,
FAN96361,0,
FAN96362,0,
FAN96628,0,
ICOM1301,0,
"ID120,021",0,
"ID1500,001",0,
"ID1500,100",0,
"ID180,001",0,
"ID4441,15",0,
"ID920,209",0,
"ID930,654",0,
ID930.655,0,
ID950.313,0,
ID950.340,0,
IEVSP/L,0,
ITM1821-S,0,
J7517908,0,
"KP4441,1",0,
"KP4441,2",0,
"KP4441,6",0,
MD0000,0,
MD0145,0,
MD01AM0010,0,
MD0213,0,
MD0496,0,
MD06BE0181,0,
MD07AX0401,0,
MD07GA0020,0,
MDLHSTERUPSG075,0,
ROCER421,0,
RODEP539,0,
SIGBBC003BIO50BOL,0,
SIGBPC003BIO50B,0,
SM0217/10,0,
SM0217/11,0,
VD11705,0,
FAN86005,0,
FAN86007,0,
FAN86048,0,
FAN86060,0,
FAN86063,0,
FAN86064,0,
FAN86086,0,
FAN86304,0,
FAN86324,0,
FAN86432,0,
FAN86433,0,
FAN86463,0,
FAN96358,0,
ITM1540N-S,0,
